meta.name,method,Mhat,MLo,MHi,Shat,SLo,SHi,overall.error,MhatSE,ShatSE,stan.warned,stan.warning,MhatRhat,ShatRhat,optim.converged,optimx.Nelder-Mead.Mhat,optimx.BFGS.Mhat,optimx.CG.Mhat,optimx.L-BFGS-B.Mhat,optimx.nlm.Mhat,optimx.nlminb.Mhat,optimx.spg.Mhat,optimx.ucminf.Mhat,optimx.newuoa.Mhat,optimx.bobyqa.Mhat,optimx.nmkb.Mhat,optimx.hjkb.Mhat,optimx.Rcgmin.Mhat,optimx.Rvmmin.Mhat,optimx.Nelder-Mead.Shat,optimx.BFGS.Shat,optimx.CG.Shat,optimx.L-BFGS-B.Shat,optimx.nlm.Shat,optimx.nlminb.Shat,optimx.spg.Shat,optimx.ucminf.Shat,optimx.newuoa.Shat,optimx.bobyqa.Shat,optimx.nmkb.Shat,optimx.hjkb.Shat,optimx.Rcgmin.Shat,optimx.Rvmmin.Shat,optimx.Nelder-Mead.convcode,optimx.BFGS.convcode,optimx.CG.convcode,optimx.L-BFGS-B.convcode,optimx.nlm.convcode,optimx.nlminb.convcode,optimx.spg.convcode,optimx.ucminf.convcode,optimx.newuoa.convcode,optimx.bobyqa.convcode,optimx.nmkb.convcode,optimx.hjkb.convcode,optimx.Rcgmin.convcode,optimx.Rvmmin.convcode,optimx.Nelder-Mead.nll,optimx.BFGS.nll,optimx.CG.nll,optimx.L-BFGS-B.nll,optimx.nlm.nll,optimx.nlminb.nll,optimx.spg.nll,optimx.ucminf.nll,optimx.newuoa.nll,optimx.bobyqa.nll,optimx.nmkb.nll,optimx.hjkb.nll,optimx.Rcgmin.nll,optimx.Rvmmin.nll,optimx.Nelder-Mead.kkt1,optimx.BFGS.kkt1,optimx.CG.kkt1,optimx.L-BFGS-B.kkt1,optimx.nlm.kkt1,optimx.nlminb.kkt1,optimx.spg.kkt1,optimx.ucminf.kkt1,optimx.newuoa.kkt1,optimx.bobyqa.kkt1,optimx.nmkb.kkt1,optimx.hjkb.kkt1,optimx.Rcgmin.kkt1,optimx.Rvmmin.kkt1,optimx.Nelder-Mead.kkt2,optimx.BFGS.kkt2,optimx.CG.kkt2,optimx.L-BFGS-B.kkt2,optimx.nlm.kkt2,optimx.nlminb.kkt2,optimx.spg.kkt2,optimx.ucminf.kkt2,optimx.newuoa.kkt2,optimx.bobyqa.kkt2,optimx.nmkb.kkt2,optimx.hjkb.kkt2,optimx.Rcgmin.kkt2,optimx.Rvmmin.kkt2,optimx.Nconvergers,optimx.convergers,optimx.Mhat.winner,optimx.Pagree.Mhat.winner,optimx.Nagree.of.convergers.Mhat.winner,optimx.Pagree.of.convergers.Mhat.winner,optimx.Mhat.agreers,optimx.Mhat.convergers.agreers,optimx.Shat.winner,optimx.Pagree.Shat.winner,optimx.Nagree.of.convergers.Shat.winner,optimx.Pagree.of.convergers.Shat.winner,optimx.Shat.agreers,optimx.Shat.convergers.agreers,k.pub,k.pub.affirm,k.pub.nonaffirm,prob.pub.study.affirm,method.1
Belle,naive,0.426185643127996,0.281907895588291,0.570463390667702,0.157058098847431,0,0.273564546527508,,,,,,,,,,,,,,,,,,,,,,,,,,,,,,,,,,,,,,,,,,,,,,,,,,,,,,,,,,,,,,,,,,,,,,,,,,,,,,,,,,,,,,,,,,,,,,,,,,,,,,,,,,,15,11,4,0.733333333333333,
Belle,maon,0.104623259769732,-0.0771803177292668,0.286426837268732,0,,,,,,,,,,,,,,,,,,,,,,,,,,,,,,,,,,,,,,,,,,,,,,,,,,,,,,,,,,,,,,,,,,,,,,,,,,,,,,,,,,,,,,,,,,,,,,,,,,,,,,,,,,,,,15,11,4,0.733333333333333,
Belle,2psm,0.17984811881177,-0.0464496290101759,0.406145866633716,0.119828111741362,0,0.235702727138144,,,,,,,,,,,,,,,,,,,,,,,,,,,,,,,,,,,,,,,,,,,,,,,,,,,,,,,,,,,,,,,,,,,,,,,,,,,,,,,,,,,,,,,,,,,,,,,,,,,,,,,,,,,15,11,4,0.733333333333333,
Belle,pcurve,0.0774418940919067,,,,,,,,,,,,,,,,,,,,,,,,,,,,,,,,,,,,,,,,,,,,,,,,,,,,,,,,,,,,,,,,,,,,,,,,,,,,,,,,,,,,,,,,,,,,,,,,,,,,,,,,,,,,,,,,15,11,4,0.733333333333333,
Belle,jeffreys-mcmc-pmean,0.492949885436069,-0.110644361663882,4.04535570568377,0.235353272570556,0.00438335926974158,1.28482989012399,,0.117483916948876,0.0317305715613347,1,"Tail Effective Samples Size (ESS) is too low, indicating posterior variances and tail quantiles may be unreliable.
Running the chains for more iterations may help. See
https://mc-stan.org/misc/warnings.html#tail-ess",1.02121464406612,1.01636719275947,,,,,,,,,,,,,,,,,,,,,,,,,,,,,,,,,,,,,,,,,,,,,,,,,,,,,,,,,,,,,,,,,,,,,,,,,,,,,,,,,,,,,,,,,,,,,,,,,,,,15,11,4,0.733333333333333,
Belle,jeffreys-mcmc-pmed,0.18490061395542,-0.110644361663882,4.04535570568377,0.119161536035259,0.00438335926974158,1.28482989012399,,0.117483916948876,0.0317305715613347,1,"Tail Effective Samples Size (ESS) is too low, indicating posterior variances and tail quantiles may be unreliable.
Running the chains for more iterations may help. See
https://mc-stan.org/misc/warnings.html#tail-ess",1.02121464406612,1.01636719275947,,,,,,,,,,,,,,,,,,,,,,,,,,,,,,,,,,,,,,,,,,,,,,,,,,,,,,,,,,,,,,,,,,,,,,,,,,,,,,,,,,,,,,,,,,,,,,,,,,,,15,11,4,0.733333333333333,
Belle,jeffreys-mcmc-max-lp-iterate,0.10596745171571,-0.110644361663882,4.04535570568377,0.000370153086696234,0.00438335926974158,1.28482989012399,,0.117483916948876,0.0317305715613347,1,"Tail Effective Samples Size (ESS) is too low, indicating posterior variances and tail quantiles may be unreliable.
Running the chains for more iterations may help. See
https://mc-stan.org/misc/warnings.html#tail-ess",1.02121464406612,1.01636719275947,,,,,,,,,,,,,,,,,,,,,,,,,,,,,,,,,,,,,,,,,,,,,,,,,,,,,,,,,,,,,,,,,,,,,,,,,,,,,,,,,,,,,,,,,,,,,,,,,,,,15,11,4,0.733333333333333,
Belle,jeffreys-sd,0.107049765568954,-0.110994128206992,0.3250936593449,1.55490184113777e-05,1.54644295550279e-05,1.56336072677274e-05,,0.111248928804737,4.31583728154936e-08,,,,,TRUE,0.107049765568954,0.10596745171571,0.10596745171571,0.10596745171571,0.107057890121476,0.107053743009289,,,,,,,0.107051289927041,0.107051297777867,1.55490184113777e-05,0.000370153086696352,0.000370153086696234,0.000370153086696234,7.63403232389194e-06,5.37373157983852e-07,,,,,,,1.14679278619193e-05,5.77318114732815e-06,0,0,0,52,0,1,9999,9999,9999,9999,9999,9999,0,2,-6.93706787800768,-6.93701134670485,-6.93701134670485,-6.93701134670485,-6.9370678884455,-6.93706789378561,8.98846567431158e+307,8.98846567431158e+307,8.98846567431158e+307,8.98846567431158e+307,8.98846567431158e+307,8.98846567431158e+307,-6.93706788537367,-6.93706789184898,FALSE,FALSE,FALSE,FALSE,FALSE,FALSE,,,,,,,FALSE,FALSE,FALSE,TRUE,TRUE,TRUE,FALSE,FALSE,,,,,,,FALSE,FALSE,0,"",,,0,,NA NA NA NA NA NA NA NA,"",,,0,,NA NA NA NA NA NA NA NA,"",15,11,4,0.733333333333333,
Belle,mle-sd,0.107049765568954,-0.121081257544026,0.335180788681933,1.55490184114957e-05,1.5464429555057e-05,1.56336072679344e-05,,0.116395517934231,4.31583728608874e-08,,,,,TRUE,0.147628669720538,0.107049765568954,0.107049765568954,0.107049765568954,0.147606126005904,0.147612856771018,,,,,,,0.147612858376276,0.147612857740123,5.78041769797589e-06,1.55490184114957e-05,1.55490184113777e-05,1.55490184113777e-05,1.48266985655598e-08,5.31203219454896e-06,,,,,,,6.38088922682779e-06,1.09822602973783e-05,0,0,0,52,0,0,9999,9999,9999,9999,9999,9999,0,0,-2.58928449766988,-2.5317851075385,-2.5317851075385,-2.5317851075385,-2.58928450538662,-2.58928450627687,8.98846567431158e+307,8.98846567431158e+307,8.98846567431158e+307,8.98846567431158e+307,8.98846567431158e+307,8.98846567431158e+307,-2.58928450598979,-2.58928450415465,FALSE,FALSE,FALSE,FALSE,FALSE,FALSE,,,,,,,FALSE,FALSE,FALSE,FALSE,FALSE,FALSE,FALSE,FALSE,,,,,,,FALSE,FALSE,0,"",,,0,,NA NA NA NA NA NA NA NA,"",,,0,,NA NA NA NA NA NA NA NA,"",15,11,4,0.733333333333333,
Blanken,naive,0.305651272467082,0.231195851293257,0.380106693640906,0.245662058841283,0.159006257824471,0.308895944099197,,,,,,,,,,,,,,,,,,,,,,,,,,,,,,,,,,,,,,,,,,,,,,,,,,,,,,,,,,,,,,,,,,,,,,,,,,,,,,,,,,,,,,,,,,,,,,,,,,,,,,,,,,,91,31,60,0.340659340659341,
Blanken,maon,0.138686048040199,0.061804565007699,0.215567531072699,0.170432467540392,,,,,,,,,,,,,,,,,,,,,,,,,,,,,,,,,,,,,,,,,,,,,,,,,,,,,,,,,,,,,,,,,,,,,,,,,,,,,,,,,,,,,,,,,,,,,,,,,,,,,,,,,,,,,91,31,60,0.340659340659341,
Blanken,2psm,0.242302556314522,0.133841154383438,0.350763958245606,0.216192187263303,0.110038641453752,0.285253608310911,,,,,,,,,,,,,,,,,,,,,,,,,,,,,,,,,,,,,,,,,,,,,,,,,,,,,,,,,,,,,,,,,,,,,,,,,,,,,,,,,,,,,,,,,,,,,,,,,,,,,,,,,,,91,31,60,0.340659340659341,
Blanken,pcurve,0.0579528317873967,,,,,,,,,,,,,,,,,,,,,,,,,,,,,,,,,,,,,,,,,,,,,,,,,,,,,,,,,,,,,,,,,,,,,,,,,,,,,,,,,,,,,,,,,,,,,,,,,,,,,,,,,,,,,,,,91,31,60,0.340659340659341,
Blanken,jeffreys-mcmc-pmean,4.85088419170875,0.445325989276278,39.0911324762928,0.941770723057474,0.318954752600646,3.78405113279055,,1.41271606278972,0.0857618071745815,1,"Tail Effective Samples Size (ESS) is too low, indicating posterior variances and tail quantiles may be unreliable.
Running the chains for more iterations may help. See
https://mc-stan.org/misc/warnings.html#tail-ess",1.02750930971627,1.04006591792151,,,,,,,,,,,,,,,,,,,,,,,,,,,,,,,,,,,,,,,,,,,,,,,,,,,,,,,,,,,,,,,,,,,,,,,,,,,,,,,,,,,,,,,,,,,,,,,,,,,,91,31,60,0.340659340659341,
Blanken,jeffreys-mcmc-pmed,1.43829122633721,0.445325989276278,39.0911324762928,0.682993946280515,0.318954752600646,3.78405113279055,,1.41271606278972,0.0857618071745815,1,"Tail Effective Samples Size (ESS) is too low, indicating posterior variances and tail quantiles may be unreliable.
Running the chains for more iterations may help. See
https://mc-stan.org/misc/warnings.html#tail-ess",1.02750930971627,1.04006591792151,,,,,,,,,,,,,,,,,,,,,,,,,,,,,,,,,,,,,,,,,,,,,,,,,,,,,,,,,,,,,,,,,,,,,,,,,,,,,,,,,,,,,,,,,,,,,,,,,,,,91,31,60,0.340659340659341,
Blanken,jeffreys-mcmc-max-lp-iterate,0.739524274584823,0.445325989276278,39.0911324762928,0.459386974497349,0.318954752600646,3.78405113279055,,1.41271606278972,0.0857618071745815,1,"Tail Effective Samples Size (ESS) is too low, indicating posterior variances and tail quantiles may be unreliable.
Running the chains for more iterations may help. See
https://mc-stan.org/misc/warnings.html#tail-ess",1.02750930971627,1.04006591792151,,,,,,,,,,,,,,,,,,,,,,,,,,,,,,,,,,,,,,,,,,,,,,,,,,,,,,,,,,,,,,,,,,,,,,,,,,,,,,,,,,,,,,,,,,,,,,,,,,,,91,31,60,0.340659340659341,
Blanken,jeffreys-sd,0.741058283837333,0.0138598333117742,1.46825673436289,0.458657415522074,0.177468318425849,0.739846512618299,,0.371026435312897,0.143466461278987,,,,,TRUE,0.741058283837333,0.741066187553829,0.741033845735293,0.741070431510979,0.741027165458103,0.741041051707431,,,,,,,0.741040769540525,0.74104103060493,0.458657415522074,0.458681998968097,0.458669808985894,0.458684489554831,0.458666871462893,0.458672401172448,,,,,,,0.458672294291741,0.458672390113329,0,0,0,0,0,0,9999,9999,9999,9999,9999,9999,1,0,-7.83917474804778,-7.83917483558261,-7.83917483773776,-7.83917483437553,-7.83917483717641,-7.83917483792658,8.98846567431158e+307,8.98846567431158e+307,8.98846567431158e+307,8.98846567431158e+307,8.98846567431158e+307,8.98846567431158e+307,-7.8391748379263,-7.83917483792658,TRUE,TRUE,TRUE,TRUE,TRUE,TRUE,,,,,,,TRUE,TRUE,TRUE,TRUE,TRUE,TRUE,TRUE,TRUE,,,,,,,TRUE,TRUE,7,Nelder-Mead BFGS CG L-BFGS-B nlm nlminb Rvmmin,0.74104103060493,1,7,1,Nelder-Mead BFGS CG L-BFGS-B nlm nlminb Rcgmin Rvmmin,Nelder-Mead BFGS CG L-BFGS-B nlm nlminb Rvmmin,0.458672390113329,1,7,1,Nelder-Mead BFGS CG L-BFGS-B nlm nlminb Rcgmin Rvmmin,Nelder-Mead BFGS CG L-BFGS-B nlm nlminb Rvmmin,91,31,60,0.340659340659341,
Blanken,mle-sd,1.80092753120631,-2.05755801485471,5.65941307726732,0.762455552660549,-0.121043535320763,1.64595464064186,,1.9686512489496,0.450773123868724,,,,,TRUE,1.80342281956844,1.80092753120631,1.38505090584327,1.80307487743429,1.8029178784535,1.80307369136894,,,,,,,1.8030817722309,1.80307317865585,0.763004923202928,0.762455552660549,0.661232551141586,0.762942056541457,0.762901932006642,0.762937749331527,,,,,,,0.762939566867404,0.762937622127545,0,0,1,0,0,0,9999,9999,9999,9999,9999,9999,1,0,-4.55070675533949,-4.55070619494627,-4.51638915176114,-4.55070678654172,-4.55070678544484,-4.55070678858353,8.98846567431158e+307,8.98846567431158e+307,8.98846567431158e+307,8.98846567431158e+307,8.98846567431158e+307,8.98846567431158e+307,-4.55070678857497,-4.55070678858355,TRUE,TRUE,FALSE,TRUE,TRUE,TRUE,,,,,,,TRUE,TRUE,TRUE,TRUE,TRUE,TRUE,TRUE,TRUE,,,,,,,TRUE,TRUE,6,Nelder-Mead BFGS L-BFGS-B nlm nlminb Rvmmin,1.80307317865585,0.875,6,1,Nelder-Mead BFGS L-BFGS-B nlm nlminb Rcgmin Rvmmin,Nelder-Mead BFGS L-BFGS-B nlm nlminb Rvmmin,0.762937622127545,0.875,6,1,Nelder-Mead BFGS L-BFGS-B nlm nlminb Rcgmin Rvmmin,Nelder-Mead BFGS L-BFGS-B nlm nlminb Rvmmin,91,31,60,0.340659340659341,
Coles,naive,0.227688769099478,0.168555115291116,0.286822422907839,0.405348314322595,0.358552639562583,0.447274542659252,,,,,,,,,,,,,,,,,,,,,,,,,,,,,,,,,,,,,,,,,,,,,,,,,,,,,,,,,,,,,,,,,,,,,,,,,,,,,,,,,,,,,,,,,,,,,,,,,,,,,,,,,,,286,87,199,0.304195804195804,
Coles,maon,0.00349174892586441,-0.0317402320587246,0.0387237299104534,0.155251585610777,,,,,,,,,,,,,,,,,,,,,,,,,,,,,,,,,,,,,,,,,,,,,,,,,,,,,,,,,,,,,,,,,,,,,,,,,,,,,,,,,,,,,,,,,,,,,,,,,,,,,,,,,,,,,286,87,199,0.304195804195804,
Coles,2psm,0.27430955532711,0.179501439436226,0.369117671217994,0.418382680495635,0.358309481189359,0.470852896738713,,,,,,,,,,,,,,,,,,,,,,,,,,,,,,,,,,,,,,,,,,,,,,,,,,,,,,,,,,,,,,,,,,,,,,,,,,,,,,,,,,,,,,,,,,,,,,,,,,,,,,,,,,,286,87,199,0.304195804195804,
Coles,pcurve,0.162924061945443,,,,,,,,,,,,,,,,,,,,,,,,,,,,,,,,,,,,,,,,,,,,,,,,,,,,,,,,,,,,,,,,,,,,,,,,,,,,,,,,,,,,,,,,,,,,,,,,,,,,,,,,,,,,,,,,286,87,199,0.304195804195804,
Coles,jeffreys-mcmc-pmean,0.186753276339525,0.065393901309643,0.365406839014209,0.316853396177765,0.209934189065517,0.449063301389104,,0.0026400465941273,0.00194096506447315,0,,1.00548713805359,1.00347359770853,,,,,,,,,,,,,,,,,,,,,,,,,,,,,,,,,,,,,,,,,,,,,,,,,,,,,,,,,,,,,,,,,,,,,,,,,,,,,,,,,,,,,,,,,,,,,,,,,,,,286,87,199,0.304195804195804,
Coles,jeffreys-mcmc-pmed,0.177270607218929,0.065393901309643,0.365406839014209,0.313107174532279,0.209934189065517,0.449063301389104,,0.0026400465941273,0.00194096506447315,0,,1.00548713805359,1.00347359770853,,,,,,,,,,,,,,,,,,,,,,,,,,,,,,,,,,,,,,,,,,,,,,,,,,,,,,,,,,,,,,,,,,,,,,,,,,,,,,,,,,,,,,,,,,,,,,,,,,,,286,87,199,0.304195804195804,
Coles,jeffreys-mcmc-max-lp-iterate,0.15361201369675,0.065393901309643,0.365406839014209,0.293385238318727,0.209934189065517,0.449063301389104,,0.0026400465941273,0.00194096506447315,0,,1.00548713805359,1.00347359770853,,,,,,,,,,,,,,,,,,,,,,,,,,,,,,,,,,,,,,,,,,,,,,,,,,,,,,,,,,,,,,,,,,,,,,,,,,,,,,,,,,,,,,,,,,,,,,,,,,,,286,87,199,0.304195804195804,
Coles,jeffreys-sd,0.153846300704803,0.0202802784686758,0.28741232294093,0.292895269682093,0.180853609967087,0.404936929397099,,0.0681471819327697,0.0571651625227689,,,,,TRUE,0.153846300704803,0.153808396924949,0.153808140407528,0.153808113731073,0.153799753196217,0.153803261975372,,,,,,,0.153803372685731,0.153803375111839,0.292895269682093,0.292886952411647,0.292886851136841,0.292887413020121,0.292879925695712,0.292882966454673,,,,,,,0.292883007156938,0.292883005533242,0,0,0,0,0,0,9999,9999,9999,9999,9999,9999,1,0,18.6545540521728,18.6545536714238,18.6545536711897,18.6545536716341,18.6545536701778,18.6545536686318,8.98846567431158e+307,8.98846567431158e+307,8.98846567431158e+307,8.98846567431158e+307,8.98846567431158e+307,8.98846567431158e+307,18.6545536686296,18.6545536686296,FALSE,TRUE,TRUE,TRUE,TRUE,TRUE,,,,,,,TRUE,TRUE,TRUE,TRUE,TRUE,TRUE,TRUE,TRUE,,,,,,,TRUE,TRUE,6,BFGS CG L-BFGS-B nlm nlminb Rvmmin,0.153803375111839,1,6,1,Nelder-Mead BFGS CG L-BFGS-B nlm nlminb Rcgmin Rvmmin,BFGS CG L-BFGS-B nlm nlminb Rvmmin,0.292883005533242,1,6,1,Nelder-Mead BFGS CG L-BFGS-B nlm nlminb Rcgmin Rvmmin,BFGS CG L-BFGS-B nlm nlminb Rvmmin,286,87,199,0.304195804195804,
Coles,mle-sd,0.182243871879007,0.0257586412981254,0.338729102459889,0.317367959602585,0.195737502261661,0.43899841694351,,0.0798408704523233,0.0620574961072399,,,,,TRUE,0.182250630189116,0.182243871879007,0.182238824400817,0.182238746722074,0.182234666012431,0.182239131965032,,,,,,,0.182239122662118,0.182239118134652,0.317327442777246,0.317367959602585,0.317363976704343,0.317364469163715,0.317360609897976,0.317364141972143,,,,,,,0.317364133190179,0.317364129149405,0,0,0,0,0,0,9999,9999,9999,9999,9999,9999,1,0,25.2441202638715,25.2441191727752,25.2441191708284,25.2441191710219,25.2441191725249,25.2441191708195,8.98846567431158e+307,8.98846567431158e+307,8.98846567431158e+307,8.98846567431158e+307,8.98846567431158e+307,8.98846567431158e+307,25.2441191708195,25.2441191708196,FALSE,TRUE,TRUE,TRUE,TRUE,TRUE,,,,,,,TRUE,TRUE,TRUE,TRUE,TRUE,TRUE,TRUE,TRUE,,,,,,,TRUE,TRUE,6,BFGS CG L-BFGS-B nlm nlminb Rvmmin,0.182239131965032,1,6,1,Nelder-Mead BFGS CG L-BFGS-B nlm nlminb Rcgmin Rvmmin,BFGS CG L-BFGS-B nlm nlminb Rvmmin,0.317364141972143,1,6,1,Nelder-Mead BFGS CG L-BFGS-B nlm nlminb Rcgmin Rvmmin,BFGS CG L-BFGS-B nlm nlminb Rvmmin,286,87,199,0.304195804195804,
DeCoster,naive,0.382551302221399,0.295498554505554,0.469604049937243,0.188489895439406,0.0501085924975956,0.26181293001574,,,,,,,,,,,,,,,,,,,,,,,,,,,,,,,,,,,,,,,,,,,,,,,,,,,,,,,,,,,,,,,,,,,,,,,,,,,,,,,,,,,,,,,,,,,,,,,,,,,,,,,,,,,45,18,27,0.4,
DeCoster,maon,0.204767766233758,0.137904366309925,0.271631166157592,0,,,,,,,,,,,,,,,,,,,,,,,,,,,,,,,,,,,,,,,,,,,,,,,,,,,,,,,,,,,,,,,,,,,,,,,,,,,,,,,,,,,,,,,,,,,,,,,,,,,,,,,,,,,,,45,18,27,0.4,
DeCoster,2psm,0.426151138339567,0.290163539964375,0.56213873671476,0.18973299481937,0.0433903714212366,0.264791416617272,,,,,,,,,,,,,,,,,,,,,,,,,,,,,,,,,,,,,,,,,,,,,,,,,,,,,,,,,,,,,,,,,,,,,,,,,,,,,,,,,,,,,,,,,,,,,,,,,,,,,,,,,,,45,18,27,0.4,
DeCoster,pcurve,0.156944056858834,,,,,,,,,,,,,,,,,,,,,,,,,,,,,,,,,,,,,,,,,,,,,,,,,,,,,,,,,,,,,,,,,,,,,,,,,,,,,,,,,,,,,,,,,,,,,,,,,,,,,,,,,,,,,,,,45,18,27,0.4,
DeCoster,jeffreys-mcmc-pmean,1.38864230090242,0.25355666234203,8.02412756179628,0.358598321514702,0.0165222831961094,1.34997843449243,,0.207445492740179,0.0260214290941994,1,"Tail Effective Samples Size (ESS) is too low, indicating posterior variances and tail quantiles may be unreliable.
Running the chains for more iterations may help. See
https://mc-stan.org/misc/warnings.html#tail-ess",1.02861145977411,1.03053713202485,,,,,,,,,,,,,,,,,,,,,,,,,,,,,,,,,,,,,,,,,,,,,,,,,,,,,,,,,,,,,,,,,,,,,,,,,,,,,,,,,,,,,,,,,,,,,,,,,,,,45,18,27,0.4,
DeCoster,jeffreys-mcmc-pmed,0.682647313101151,0.25355666234203,8.02412756179628,0.276471852204072,0.0165222831961094,1.34997843449243,,0.207445492740179,0.0260214290941994,1,"Tail Effective Samples Size (ESS) is too low, indicating posterior variances and tail quantiles may be unreliable.
Running the chains for more iterations may help. See
https://mc-stan.org/misc/warnings.html#tail-ess",1.02861145977411,1.03053713202485,,,,,,,,,,,,,,,,,,,,,,,,,,,,,,,,,,,,,,,,,,,,,,,,,,,,,,,,,,,,,,,,,,,,,,,,,,,,,,,,,,,,,,,,,,,,,,,,,,,,45,18,27,0.4,
DeCoster,jeffreys-mcmc-max-lp-iterate,0.425003785995721,0.25355666234203,8.02412756179628,0.147121550182514,0.0165222831961094,1.34997843449243,,0.207445492740179,0.0260214290941994,1,"Tail Effective Samples Size (ESS) is too low, indicating posterior variances and tail quantiles may be unreliable.
Running the chains for more iterations may help. See
https://mc-stan.org/misc/warnings.html#tail-ess",1.02861145977411,1.03053713202485,,,,,,,,,,,,,,,,,,,,,,,,,,,,,,,,,,,,,,,,,,,,,,,,,,,,,,,,,,,,,,,,,,,,,,,,,,,,,,,,,,,,,,,,,,,,,,,,,,,,45,18,27,0.4,
DeCoster,jeffreys-sd,0.42448711684569,0.0250532805042556,0.823920953187123,0.148034694685847,-0.104891944973179,0.400961334344873,,0.20379651845244,0.129046575168768,,,,,TRUE,0.42448711684569,0.424566860423867,0.4245635351346,0.424566794107512,0.424563028313116,0.424562939176367,,,,,,,0.424563438896763,0.424563309505973,0.148034694685847,0.148075624472883,0.148073843360973,0.148075820500541,0.148073422356912,0.148073400675565,,,,,,,0.148073701969193,0.148073617602181,0,0,0,0,0,0,9999,9999,9999,9999,9999,9999,0,2,-18.6044356672129,-18.6044357405605,-18.6044357407008,-18.6044357405596,-18.6044357406998,-18.6044357406992,8.98846567431158e+307,8.98846567431158e+307,8.98846567431158e+307,8.98846567431158e+307,8.98846567431158e+307,8.98846567431158e+307,-18.6044357407021,-18.6044357407019,TRUE,TRUE,TRUE,TRUE,TRUE,TRUE,,,,,,,TRUE,TRUE,TRUE,TRUE,TRUE,TRUE,TRUE,TRUE,,,,,,,TRUE,TRUE,7,Nelder-Mead BFGS CG L-BFGS-B nlm nlminb Rcgmin,0.424563438896763,1,7,1,Nelder-Mead BFGS CG L-BFGS-B nlm nlminb Rcgmin Rvmmin,Nelder-Mead BFGS CG L-BFGS-B nlm nlminb Rcgmin,0.148073701969193,1,7,1,Nelder-Mead BFGS CG L-BFGS-B nlm nlminb Rcgmin Rvmmin,Nelder-Mead BFGS CG L-BFGS-B nlm nlminb Rcgmin,45,18,27,0.4,
DeCoster,mle-sd,0.800644746810604,-0.336953605217851,1.93824309883906,0.314940686792667,-0.0723503249056731,0.702231698491007,,0.580417987780228,0.197601085914457,,,,,TRUE,0.800771841016213,0.800644746810604,0.797205649290638,0.800646771660526,0.800569912342155,0.800594035013502,,,,,,,0.800593827760672,0.800593950014815,0.31499314852718,0.314940686792667,0.313818203371762,0.314941766559783,0.31491465252557,0.314923018283621,,,,,,,0.314922960481661,0.314922999909734,0,0,1,0,0,0,9999,9999,9999,9999,9999,9999,1,2,-14.315026663682,-14.3150267298988,-14.3150113911342,-14.3150267294122,-14.3150267330216,-14.31502673392,8.98846567431158e+307,8.98846567431158e+307,8.98846567431158e+307,8.98846567431158e+307,8.98846567431158e+307,8.98846567431158e+307,-14.31502673392,-14.31502673392,TRUE,TRUE,TRUE,TRUE,TRUE,TRUE,,,,,,,TRUE,TRUE,TRUE,TRUE,TRUE,TRUE,TRUE,TRUE,,,,,,,TRUE,TRUE,5,Nelder-Mead BFGS L-BFGS-B nlm nlminb,0.800594035013502,1,5,1,Nelder-Mead BFGS CG L-BFGS-B nlm nlminb Rcgmin Rvmmin,Nelder-Mead BFGS L-BFGS-B nlm nlminb,0.314923018283621,1,5,1,Nelder-Mead BFGS CG L-BFGS-B nlm nlminb Rcgmin Rvmmin,Nelder-Mead BFGS L-BFGS-B nlm nlminb,45,18,27,0.4,
Felts,naive,0.87402707369773,0.615756757456895,1.13229738993856,0.610287713801213,0.376908644127471,0.776429044546514,,,,,,,,,,,,,,,,,,,,,,,,,,,,,,,,,,,,,,,,,,,,,,,,,,,,,,,,,,,,,,,,,,,,,,,,,,,,,,,,,,,,,,,,,,,,,,,,,,,,,,,,,,,30,21,9,0.7,
Felts,maon,0.196709796650268,0.00659929406001669,0.38682029924052,0,,,,,,,,,,,,,,,,,,,,,,,,,,,,,,,,,,,,,,,,,,,,,,,,,,,,,,,,,,,,,,,,,,,,,,,,,,,,,,,,,,,,,,,,,,,,,,,,,,,,,,,,,,,,,30,21,9,0.7,
Felts,2psm,0.845677348260263,0.498218320237656,1.19313637628287,0.603779718434173,0.352720041445044,0.777617173902368,,,,,,,,,,,,,,,,,,,,,,,,,,,,,,,,,,,,,,,,,,,,,,,,,,,,,,,,,,,,,,,,,,,,,,,,,,,,,,,,,,,,,,,,,,,,,,,,,,,,,,,,,,,30,21,9,0.7,
Felts,pcurve,0.285652959360182,,,,,,,,,,,,,,,,,,,,,,,,,,,,,,,,,,,,,,,,,,,,,,,,,,,,,,,,,,,,,,,,,,,,,,,,,,,,,,,,,,,,,,,,,,,,,,,,,,,,,,,,,,,,,,,,30,21,9,0.7,
Felts,jeffreys-mcmc-pmean,0.86802096187148,0.0835561764991775,5.29295451871422,0.295341778549485,0.011568826868956,1.26700758228624,,0.182139925043652,0.0299652470416296,1,"Tail Effective Samples Size (ESS) is too low, indicating posterior variances and tail quantiles may be unreliable.
Running the chains for more iterations may help. See
https://mc-stan.org/misc/warnings.html#tail-ess",1.02620152217463,1.03652230038753,,,,,,,,,,,,,,,,,,,,,,,,,,,,,,,,,,,,,,,,,,,,,,,,,,,,,,,,,,,,,,,,,,,,,,,,,,,,,,,,,,,,,,,,,,,,,,,,,,,,30,21,9,0.7,
Felts,jeffreys-mcmc-pmed,0.387569159512847,0.0835561764991775,5.29295451871422,0.193360373111023,0.011568826868956,1.26700758228624,,0.182139925043652,0.0299652470416296,1,"Tail Effective Samples Size (ESS) is too low, indicating posterior variances and tail quantiles may be unreliable.
Running the chains for more iterations may help. See
https://mc-stan.org/misc/warnings.html#tail-ess",1.02620152217463,1.03652230038753,,,,,,,,,,,,,,,,,,,,,,,,,,,,,,,,,,,,,,,,,,,,,,,,,,,,,,,,,,,,,,,,,,,,,,,,,,,,,,,,,,,,,,,,,,,,,,,,,,,,30,21,9,0.7,
Felts,jeffreys-mcmc-max-lp-iterate,0.260875963743658,0.0835561764991775,5.29295451871422,0.0039440234207449,0.011568826868956,1.26700758228624,,0.182139925043652,0.0299652470416296,1,"Tail Effective Samples Size (ESS) is too low, indicating posterior variances and tail quantiles may be unreliable.
Running the chains for more iterations may help. See
https://mc-stan.org/misc/warnings.html#tail-ess",1.02620152217463,1.03652230038753,,,,,,,,,,,,,,,,,,,,,,,,,,,,,,,,,,,,,,,,,,,,,,,,,,,,,,,,,,,,,,,,,,,,,,,,,,,,,,,,,,,,,,,,,,,,,,,,,,,,30,21,9,0.7,
Felts,jeffreys-sd,0.262417669993016,0.0554784951601658,0.469356844825867,6.70680849273967e-05,6.69834960710495e-05,6.7152673783744e-05,,0.105583151764604,4.31583728142358e-08,,,,,TRUE,0.262417669993016,0.261666524204027,0.262441513587275,0.262343911181992,0.26232739666131,0.262290783797791,,,,,,,0.262291085481123,0.262291079221371,6.70680849273967e-05,0.000956250879625658,0.000801381553192856,0.000577806441458903,8.10278384468918e-10,1.4396395922878e-06,,,,,,,1.37876150772463e-05,2.02068469093371e-05,0,0,0,52,0,1,9999,9999,9999,9999,9999,9999,0,0,-7.06247305246841,-7.06244853149931,-7.06246742891614,-7.06247088889959,-7.06247374976238,-7.06247380889993,8.98846567431158e+307,8.98846567431158e+307,8.98846567431158e+307,8.98846567431158e+307,8.98846567431158e+307,8.98846567431158e+307,-7.06247380732821,-7.06247380549941,FALSE,FALSE,FALSE,FALSE,FALSE,FALSE,,,,,,,FALSE,TRUE,TRUE,TRUE,TRUE,TRUE,FALSE,FALSE,,,,,,,FALSE,TRUE,1,Rvmmin,0.262291079221371,1,1,1,Nelder-Mead BFGS CG L-BFGS-B nlm nlminb Rcgmin Rvmmin,Rvmmin,2.02068469093371e-05,1,1,1,Nelder-Mead BFGS CG L-BFGS-B nlm nlminb Rcgmin Rvmmin,Rvmmin,30,21,9,0.7,
Felts,mle-sd,0.262417669993016,0.0549152532857318,0.469920086700301,6.7068084927987e-05,6.69834960715494e-05,6.71526737844245e-05,,0.105870525348444,4.31583728603052e-08,,,,,TRUE,0.419458216144388,0.262417669993016,0.262417669993016,0.262417669993016,0.41946530995022,0.419469646916241,,,,,,,0.419469626065489,0.41946962280379,0.208773776918273,6.7068084927987e-05,6.70680849273967e-05,6.70680849273967e-05,0.208792872553365,0.208795932015034,,,,,,,0.208795917171496,0.208795920102857,0,0,0,52,0,0,9999,9999,9999,9999,9999,9999,0,0,-2.88254621126208,-2.56321331411845,-2.56321331411845,-2.56321331411845,-2.88254622039349,-2.88254622048636,8.98846567431158e+307,8.98846567431158e+307,8.98846567431158e+307,8.98846567431158e+307,8.98846567431158e+307,8.98846567431158e+307,-2.88254622048635,-2.88254622048635,TRUE,FALSE,FALSE,FALSE,TRUE,TRUE,,,,,,,TRUE,TRUE,TRUE,FALSE,FALSE,FALSE,TRUE,TRUE,,,,,,,TRUE,TRUE,5,Nelder-Mead nlm nlminb Rcgmin Rvmmin,0.419469646916241,0.625,5,1,Nelder-Mead nlm nlminb Rcgmin Rvmmin,Nelder-Mead nlm nlminb Rcgmin Rvmmin,0.208795932015034,0.625,5,1,Nelder-Mead nlm nlminb Rcgmin Rvmmin,Nelder-Mead nlm nlminb Rcgmin Rvmmin,30,21,9,0.7,
Hagger,naive,0.626492905386005,0.580192958491403,0.672792852280608,0.14964470144136,0.0033399726286054,0.211603208675549,,,,,,,,,,,,,,,,,,,,,,,,,,,,,,,,,,,,,,,,,,,,,,,,,,,,,,,,,,,,,,,,,,,,,,,,,,,,,,,,,,,,,,,,,,,,,,,,,,,,,,,,,,,198,107,91,0.540404040404041,
Hagger,maon,0.435021671457712,0.372770003550558,0.497273339364865,0,,,,,,,,,,,,,,,,,,,,,,,,,,,,,,,,,,,,,,,,,,,,,,,,,,,,,,,,,,,,,,,,,,,,,,,,,,,,,,,,,,,,,,,,,,,,,,,,,,,,,,,,,,,,,198,107,91,0.540404040404041,
Hagger,2psm,0.504550525868107,0.428325793040729,0.580775258695486,0.105753837037315,0,0.158179893154463,,,,,,,,,,,,,,,,,,,,,,,,,,,,,,,,,,,,,,,,,,,,,,,,,,,,,,,,,,,,,,,,,,,,,,,,,,,,,,,,,,,,,,,,,,,,,,,,,,,,,,,,,,,198,107,91,0.540404040404041,
Hagger,pcurve,0.0541531066392555,,,,,,,,,,,,,,,,,,,,,,,,,,,,,,,,,,,,,,,,,,,,,,,,,,,,,,,,,,,,,,,,,,,,,,,,,,,,,,,,,,,,,,,,,,,,,,,,,,,,,,,,,,,,,,,,198,107,91,0.540404040404041,
Hagger,jeffreys-mcmc-pmean,14.6314032005464,3.08347558687253,64.5024220255377,1.3754523496803,0.589246261816458,3.39730639721,,1.0982835366149,0.044734450435837,1,"Tail Effective Samples Size (ESS) is too low, indicating posterior variances and tail quantiles may be unreliable.
Running the chains for more iterations may help. See
https://mc-stan.org/misc/warnings.html#tail-ess",1.01435201531273,1.01900617477197,,,,,,,,,,,,,,,,,,,,,,,,,,,,,,,,,,,,,,,,,,,,,,,,,,,,,,,,,,,,,,,,,,,,,,,,,,,,,,,,,,,,,,,,,,,,,,,,,,,,198,107,91,0.540404040404041,
Hagger,jeffreys-mcmc-pmed,8.95722527986127,3.08347558687253,64.5024220255377,1.17317287527171,0.589246261816458,3.39730639721,,1.0982835366149,0.044734450435837,1,"Tail Effective Samples Size (ESS) is too low, indicating posterior variances and tail quantiles may be unreliable.
Running the chains for more iterations may help. See
https://mc-stan.org/misc/warnings.html#tail-ess",1.01435201531273,1.01900617477197,,,,,,,,,,,,,,,,,,,,,,,,,,,,,,,,,,,,,,,,,,,,,,,,,,,,,,,,,,,,,,,,,,,,,,,,,,,,,,,,,,,,,,,,,,,,,,,,,,,,198,107,91,0.540404040404041,
Hagger,jeffreys-mcmc-max-lp-iterate,4.3139589418874,3.08347558687253,64.5024220255377,0.744289081161233,0.589246261816458,3.39730639721,,1.0982835366149,0.044734450435837,1,"Tail Effective Samples Size (ESS) is too low, indicating posterior variances and tail quantiles may be unreliable.
Running the chains for more iterations may help. See
https://mc-stan.org/misc/warnings.html#tail-ess",1.01435201531273,1.01900617477197,,,,,,,,,,,,,,,,,,,,,,,,,,,,,,,,,,,,,,,,,,,,,,,,,,,,,,,,,,,,,,,,,,,,,,,,,,,,,,,,,,,,,,,,,,,,,,,,,,,,198,107,91,0.540404040404041,
Hagger,jeffreys-sd,4.34320438248958,0.550607169826545,8.13580159515261,0.750585108222666,0.310160601242233,1.1910096152031,,1.93503413459561,0.224710510220823,,,,,TRUE,4.34320438248958,4.34381701197721,4.32234499189316,4.34389054166079,4.34367448892661,4.34367293566835,,,,,,,4.34372248028736,4.34367235308352,0.750585108222666,0.750673072374768,0.748225547418019,0.750677318652088,0.750652750240427,0.750652592961818,,,,,,,0.750658192144451,0.750652501804462,0,0,1,0,0,0,9999,9999,9999,9999,9999,9999,1,3,-66.5378599519828,-66.5378600163385,-66.5377995233969,-66.5378600162379,-66.537860022555,-66.5378600225561,8.98846567431158e+307,8.98846567431158e+307,8.98846567431158e+307,8.98846567431158e+307,8.98846567431158e+307,8.98846567431158e+307,-66.5378600222304,-66.5378600225568,TRUE,TRUE,TRUE,TRUE,TRUE,TRUE,,,,,,,TRUE,TRUE,TRUE,TRUE,TRUE,TRUE,TRUE,TRUE,,,,,,,TRUE,TRUE,5,Nelder-Mead BFGS L-BFGS-B nlm nlminb,4.34367293566835,0.875,5,1,Nelder-Mead BFGS L-BFGS-B nlm nlminb Rcgmin Rvmmin,Nelder-Mead BFGS L-BFGS-B nlm nlminb,0.750652592961818,1,5,1,Nelder-Mead BFGS CG L-BFGS-B nlm nlminb Rcgmin Rvmmin,Nelder-Mead BFGS L-BFGS-B nlm nlminb,198,107,91,0.540404040404041,
Hagger,mle-sd,18.4064755496218,-55.570309962763,92.3832610620065,1.748167366944,-2.02213627383846,5.51847100772646,,37.7439514684475,1.92365965421923,,,,,FALSE,23.8935760743684,18.4064755496218,4.90290690337212,23.9679637848205,23.9620338807063,23.9616794055774,,,,,,,23.9522639949513,23.9608359091397,2.00910559464427,1.748167366944,0.817006884825903,2.01247884826297,2.01221276726339,2.01219704262112,,,,,,,2.0117796845694,2.01215963387864,0,1,1,0,0,0,9999,9999,9999,9999,9999,9999,1,0,-65.781369570707,-65.7762381000183,-65.0053321876679,-65.78137023125,-65.7813702355727,-65.7813702355853,8.98846567431158e+307,8.98846567431158e+307,8.98846567431158e+307,8.98846567431158e+307,8.98846567431158e+307,8.98846567431158e+307,-65.7813702268647,-65.781370235516,TRUE,FALSE,FALSE,TRUE,TRUE,TRUE,,,,,,,TRUE,TRUE,TRUE,TRUE,TRUE,TRUE,TRUE,TRUE,,,,,,,TRUE,TRUE,5,Nelder-Mead L-BFGS-B nlm nlminb Rvmmin,23.9616794055774,0.625,4,0.8,L-BFGS-B nlm nlminb Rcgmin Rvmmin,L-BFGS-B nlm nlminb Rvmmin,2.01219704262112,0.75,5,1,Nelder-Mead L-BFGS-B nlm nlminb Rcgmin Rvmmin,Nelder-Mead L-BFGS-B nlm nlminb Rvmmin,198,107,91,0.540404040404041,
Henriksson,naive,0.30597126258523,0.145218061046944,0.466724464123517,0.194702657618929,0,0.304187144875788,,,,,,,,,,,,,,,,,,,,,,,,,,,,,,,,,,,,,,,,,,,,,,,,,,,,,,,,,,,,,,,,,,,,,,,,,,,,,,,,,,,,,,,,,,,,,,,,,,,,,,,,,,,21,8,13,0.380952380952381,
Henriksson,maon,0.171416718456094,-0.0936123907603638,0.436445827672551,0.304779865787179,,,,,,,,,,,,,,,,,,,,,,,,,,,,,,,,,,,,,,,,,,,,,,,,,,,,,,,,,,,,,,,,,,,,,,,,,,,,,,,,,,,,,,,,,,,,,,,,,,,,,,,,,,,,,21,8,13,0.380952380952381,
Henriksson,2psm,0.230898795962919,0.0375980348612608,0.424199557064578,0.169556523642696,0,0.288046972984542,,,,,,,,,,,,,,,,,,,,,,,,,,,,,,,,,,,,,,,,,,,,,,,,,,,,,,,,,,,,,,,,,,,,,,,,,,,,,,,,,,,,,,,,,,,,,,,,,,,,,,,,,,,21,8,13,0.380952380952381,
Henriksson,pcurve,-0.0634926538204231,,,,,,,,,,,,,,,,,,,,,,,,,,,,,,,,,,,,,,,,,,,,,,,,,,,,,,,,,,,,,,,,,,,,,,,,,,,,,,,,,,,,,,,,,,,,,,,,,,,,,,,,,,,,,,,,21,8,13,0.380952380952381,
Henriksson,jeffreys-mcmc-pmean,5.28959310595223,0.241334973360461,29.2836473024308,1.24646800686301,0.283957586156903,3.89737707021728,,0.959723494445242,0.074676511926681,1,"Tail Effective Samples Size (ESS) is too low, indicating posterior variances and tail quantiles may be unreliable.
Running the chains for more iterations may help. See
https://mc-stan.org/misc/warnings.html#tail-ess",1.02902199952592,1.02655798386205,,,,,,,,,,,,,,,,,,,,,,,,,,,,,,,,,,,,,,,,,,,,,,,,,,,,,,,,,,,,,,,,,,,,,,,,,,,,,,,,,,,,,,,,,,,,,,,,,,,,21,8,13,0.380952380952381,
Henriksson,jeffreys-mcmc-pmed,2.04455264169668,0.241334973360461,29.2836473024308,0.964748431248017,0.283957586156903,3.89737707021728,,0.959723494445242,0.074676511926681,1,"Tail Effective Samples Size (ESS) is too low, indicating posterior variances and tail quantiles may be unreliable.
Running the chains for more iterations may help. See
https://mc-stan.org/misc/warnings.html#tail-ess",1.02902199952592,1.02655798386205,,,,,,,,,,,,,,,,,,,,,,,,,,,,,,,,,,,,,,,,,,,,,,,,,,,,,,,,,,,,,,,,,,,,,,,,,,,,,,,,,,,,,,,,,,,,,,,,,,,,21,8,13,0.380952380952381,
Henriksson,jeffreys-mcmc-max-lp-iterate,0.623539531938691,0.241334973360461,29.2836473024308,0.467397879621839,0.283957586156903,3.89737707021728,,0.959723494445242,0.074676511926681,1,"Tail Effective Samples Size (ESS) is too low, indicating posterior variances and tail quantiles may be unreliable.
Running the chains for more iterations may help. See
https://mc-stan.org/misc/warnings.html#tail-ess",1.02902199952592,1.02655798386205,,,,,,,,,,,,,,,,,,,,,,,,,,,,,,,,,,,,,,,,,,,,,,,,,,,,,,,,,,,,,,,,,,,,,,,,,,,,,,,,,,,,,,,,,,,,,,,,,,,,21,8,13,0.380952380952381,
Henriksson,jeffreys-sd,0.60954505607627,-0.284798268917352,1.50388838106989,0.46124268901532,0.0237855243972143,0.898699853633425,,0.456305999522485,0.223196532216261,,,,,TRUE,0.60954505607627,0.609564116723452,0.609559247265855,0.60956382468072,0.609555117121025,0.609559172961259,,,,,,,0.609559189472217,0.60955917416913,0.46124268901532,0.461259866717672,0.461257707337425,0.46125943985703,0.461254904849178,0.4612570257778,,,,,,,0.46125702747965,0.461257023579697,0,0,0,0,0,0,9999,9999,9999,9999,9999,9999,0,0,0.742533557950269,0.742533555252506,0.742533555184327,0.742533555232444,0.742533555218402,0.742533555171336,8.98846567431158e+307,8.98846567431158e+307,8.98846567431158e+307,8.98846567431158e+307,8.98846567431158e+307,8.98846567431158e+307,0.742533555171334,0.742533555171334,TRUE,TRUE,TRUE,TRUE,TRUE,TRUE,,,,,,,TRUE,TRUE,TRUE,TRUE,TRUE,TRUE,TRUE,TRUE,,,,,,,TRUE,TRUE,8,Nelder-Mead BFGS CG L-BFGS-B nlm nlminb Rcgmin Rvmmin,0.609559189472217,1,8,1,Nelder-Mead BFGS CG L-BFGS-B nlm nlminb Rcgmin Rvmmin,Nelder-Mead BFGS CG L-BFGS-B nlm nlminb Rcgmin Rvmmin,0.46125702747965,1,8,1,Nelder-Mead BFGS CG L-BFGS-B nlm nlminb Rcgmin Rvmmin,Nelder-Mead BFGS CG L-BFGS-B nlm nlminb Rcgmin Rvmmin,21,8,13,0.380952380952381,
Henriksson,mle-sd,15.2547806921056,-117.856497111474,148.366058495685,2.54622939778733,-8.59042256898621,13.6828813645609,,67.9151652038223,5.68206969853428,,,,,FALSE,600.882558174944,15.2547806921056,2.64527937422912,600.515645303382,601.221254612049,600.879711965921,,,,,,,407.222349169045,599.364431999663,16.006692430446,2.54622939778733,1.05542069483463,16.0017454283717,16.0155816654716,16.0065204259506,,,,,,,13.177017939642,15.9863188045819,0,1,1,0,0,1,9999,9999,9999,9999,9999,9999,1,0,1.91935444053252,1.94209150931689,2.13995867232293,1.91935471982845,1.9193562453454,1.91935444071407,8.98846567431158e+307,8.98846567431158e+307,8.98846567431158e+307,8.98846567431158e+307,8.98846567431158e+307,8.98846567431158e+307,1.91957373235527,1.91935560188506,FALSE,FALSE,FALSE,TRUE,FALSE,FALSE,,,,,,,TRUE,TRUE,FALSE,TRUE,TRUE,FALSE,TRUE,TRUE,,,,,,,FALSE,FALSE,0,"",,,0,,NA NA NA NA NA NA NA NA,"",,,0,,NA NA NA NA NA NA NA NA,"",21,8,13,0.380952380952381,
Kivikangas,naive,0.674042509980709,0.599867325691075,0.748217694270343,0.19138834925431,0.122712738587028,0.241247972528374,,,,,,,,,,,,,,,,,,,,,,,,,,,,,,,,,,,,,,,,,,,,,,,,,,,,,,,,,,,,,,,,,,,,,,,,,,,,,,,,,,,,,,,,,,,,,,,,,,,,,,,,,,,33,33,0,1,
Kivikangas,maon,,,,,,,variable lengths differ (found for '(studynum)'),,,,,,,,,,,,,,,,,,,,,,,,,,,,,,,,,,,,,,,,,,,,,,,,,,,,,,,,,,,,,,,,,,,,,,,,,,,,,,,,,,,,,,,,,,,,,,,,,,,,,,,,,,33,33,0,1,maon
Kivikangas,2psm,0.663440050388744,0.602482995687791,0.724397105089697,0.196568610501405,0.139770410856685,0.240297044338584,,,,,,,,,,,,,,,,,,,,,,,,,,,,,,,,,,,,,,,,,,,,,,,,,,,,,,,,,,,,,,,,,,,,,,,,,,,,,,,,,,,,,,,,,,,,,,,,,,,,,,,,,,,33,33,0,1,
Kivikangas,pcurve,0.526391085491422,,,,,,,,,,,,,,,,,,,,,,,,,,,,,,,,,,,,,,,,,,,,,,,,,,,,,,,,,,,,,,,,,,,,,,,,,,,,,,,,,,,,,,,,,,,,,,,,,,,,,,,,,,,,,,,,33,33,0,1,
Kivikangas,jeffreys-mcmc-pmean,,,,,,,"Mhat[1] not equal to mean(rstan::extract(post, ""mu"")[[1]]).
target is NULL, current is numeric",,,,,,,,,,,,,,,,,,,,,,,,,,,,,,,,,,,,,,,,,,,,,,,,,,,,,,,,,,,,,,,,,,,,,,,,,,,,,,,,,,,,,,,,,,,,,,,,,,,,,,,,,,33,33,0,1,jeffreys-mcmc-pmean
Kivikangas,jeffreys-mcmc-pmed,,,,,,,"Mhat[1] not equal to mean(rstan::extract(post, ""mu"")[[1]]).
target is NULL, current is numeric",,,,,,,,,,,,,,,,,,,,,,,,,,,,,,,,,,,,,,,,,,,,,,,,,,,,,,,,,,,,,,,,,,,,,,,,,,,,,,,,,,,,,,,,,,,,,,,,,,,,,,,,,,33,33,0,1,jeffreys-mcmc-pmed
Kivikangas,jeffreys-mcmc-max-lp-iterate,,,,,,,"Mhat[1] not equal to mean(rstan::extract(post, ""mu"")[[1]]).
target is NULL, current is numeric",,,,,,,,,,,,,,,,,,,,,,,,,,,,,,,,,,,,,,,,,,,,,,,,,,,,,,,,,,,,,,,,,,,,,,,,,,,,,,,,,,,,,,,,,,,,,,,,,,,,,,,,,,33,33,0,1,jeffreys-mcmc-max-lp-iterate
Kivikangas,jeffreys-sd,,,,,,,"arguments imply differing number of rows: 0, 1",,,,,,,,,,,,,,,,,,,,,,,,,,,,,,,,,,,,,,,,,,,,,,,,,,,,,,,,,,,,,,,,,,,,,,,,,,,,,,,,,,,,,,,,,,,,,,,,,,,,,,,,,,33,33,0,1,jeffreys-sd
Kivikangas,mle-sd,,,,,,,"arguments imply differing number of rows: 0, 1",,,,,,,,,,,,,,,,,,,,,,,,,,,,,,,,,,,,,,,,,,,,,,,,,,,,,,,,,,,,,,,,,,,,,,,,,,,,,,,,,,,,,,,,,,,,,,,,,,,,,,,,,,33,33,0,1,mle-sd
Kuhberger,naive,0.531720615110192,0.453787015746209,0.609654214474175,0.264133157266893,0.18410366093618,0.325020755591778,,,,,,,,,,,,,,,,,,,,,,,,,,,,,,,,,,,,,,,,,,,,,,,,,,,,,,,,,,,,,,,,,,,,,,,,,,,,,,,,,,,,,,,,,,,,,,,,,,,,,,,,,,,80,47,33,0.5875,
Kuhberger,maon,0.221835466466313,0.117777318320841,0.325893614611785,0.128838104335863,,,,,,,,,,,,,,,,,,,,,,,,,,,,,,,,,,,,,,,,,,,,,,,,,,,,,,,,,,,,,,,,,,,,,,,,,,,,,,,,,,,,,,,,,,,,,,,,,,,,,,,,,,,,,80,47,33,0.5875,
Kuhberger,2psm,0.542750753083682,0.430217713248503,0.65528379291886,0.258124287835397,0.171751837495788,0.322114268944861,,,,,,,,,,,,,,,,,,,,,,,,,,,,,,,,,,,,,,,,,,,,,,,,,,,,,,,,,,,,,,,,,,,,,,,,,,,,,,,,,,,,,,,,,,,,,,,,,,,,,,,,,,,80,47,33,0.5875,
Kuhberger,pcurve,0.219974089765838,,,,,,,,,,,,,,,,,,,,,,,,,,,,,,,,,,,,,,,,,,,,,,,,,,,,,,,,,,,,,,,,,,,,,,,,,,,,,,,,,,,,,,,,,,,,,,,,,,,,,,,,,,,,,,,,80,47,33,0.5875,
Kuhberger,jeffreys-mcmc-pmean,1.13642478599829,0.422313620884187,2.99011787697107,0.455660864424348,0.195882271665669,0.951582468942562,,0.0511479148025712,0.0103044011311929,0,,1.01357668228212,1.01627250822074,,,,,,,,,,,,,,,,,,,,,,,,,,,,,,,,,,,,,,,,,,,,,,,,,,,,,,,,,,,,,,,,,,,,,,,,,,,,,,,,,,,,,,,,,,,,,,,,,,,,80,47,33,0.5875,
Kuhberger,jeffreys-mcmc-pmed,0.920991362959627,0.422313620884187,2.99011787697107,0.417232987258037,0.195882271665669,0.951582468942562,,0.0511479148025712,0.0103044011311929,0,,1.01357668228212,1.01627250822074,,,,,,,,,,,,,,,,,,,,,,,,,,,,,,,,,,,,,,,,,,,,,,,,,,,,,,,,,,,,,,,,,,,,,,,,,,,,,,,,,,,,,,,,,,,,,,,,,,,,80,47,33,0.5875,
Kuhberger,jeffreys-mcmc-max-lp-iterate,0.720470364109981,0.422313620884187,2.99011787697107,0.329680717301016,0.195882271665669,0.951582468942562,,0.0511479148025712,0.0103044011311929,0,,1.01357668228212,1.01627250822074,,,,,,,,,,,,,,,,,,,,,,,,,,,,,,,,,,,,,,,,,,,,,,,,,,,,,,,,,,,,,,,,,,,,,,,,,,,,,,,,,,,,,,,,,,,,,,,,,,,,80,47,33,0.5875,
Kuhberger,jeffreys-sd,0.724894019872198,0.207462935839003,1.24232510390539,0.330813506962141,0.119294979997616,0.542332033926667,,0.264000302104848,0.107919598846181,,,,,TRUE,0.724894019872198,0.724984237000894,0.724974243511434,0.724983806429047,0.724970374368895,0.724975304092878,,,,,,,0.724975418094443,0.72497543082081,0.330813506962141,0.33084482814874,0.330841070375805,0.330845359158943,0.330839081403995,0.330841317692854,,,,,,,0.330841271574604,0.330841277476788,0,0,0,0,0,0,9999,9999,9999,9999,9999,9999,0,0,-8.48086260028565,-8.48086264721716,-8.48086264780554,-8.48086264710312,-8.48086264760578,-8.48086264781946,8.98846567431158e+307,8.98846567431158e+307,8.98846567431158e+307,8.98846567431158e+307,8.98846567431158e+307,8.98846567431158e+307,-8.48086264782051,-8.4808626478205,TRUE,TRUE,TRUE,TRUE,TRUE,TRUE,,,,,,,TRUE,TRUE,TRUE,TRUE,TRUE,TRUE,TRUE,TRUE,,,,,,,TRUE,TRUE,8,Nelder-Mead BFGS CG L-BFGS-B nlm nlminb Rcgmin Rvmmin,0.724975418094443,1,8,1,Nelder-Mead BFGS CG L-BFGS-B nlm nlminb Rcgmin Rvmmin,Nelder-Mead BFGS CG L-BFGS-B nlm nlminb Rcgmin Rvmmin,0.330841271574604,1,8,1,Nelder-Mead BFGS CG L-BFGS-B nlm nlminb Rcgmin Rvmmin,Nelder-Mead BFGS CG L-BFGS-B nlm nlminb Rcgmin Rvmmin,80,47,33,0.5875,
Kuhberger,mle-sd,0.921003544298778,0.163325108614139,1.67868197998342,0.408944512346384,0.134269104402588,0.68361992029018,,0.386577733907924,0.140143089419194,,,,,TRUE,0.921088051873914,0.921003544298778,0.920850549165274,0.920958659609685,0.920989456835273,0.920989333895053,,,,,,,0.920989321509092,0.92098932737287,0.408979148641254,0.408944512346384,0.408895143394448,0.408929242295071,0.408939383418602,0.408939333309738,,,,,,,0.408939331769015,0.40893933366717,0,0,1,0,0,0,9999,9999,9999,9999,9999,9999,0,0,-4.75882199687664,-4.75882203658354,-4.75882198397724,-4.75882203415126,-4.75882203730783,-4.7588220373079,8.98846567431158e+307,8.98846567431158e+307,8.98846567431158e+307,8.98846567431158e+307,8.98846567431158e+307,8.98846567431158e+307,-4.75882203730791,-4.75882203730791,TRUE,TRUE,TRUE,TRUE,TRUE,TRUE,,,,,,,TRUE,TRUE,TRUE,TRUE,TRUE,TRUE,TRUE,TRUE,,,,,,,TRUE,TRUE,7,Nelder-Mead BFGS L-BFGS-B nlm nlminb Rcgmin Rvmmin,0.920989321509092,1,7,1,Nelder-Mead BFGS CG L-BFGS-B nlm nlminb Rcgmin Rvmmin,Nelder-Mead BFGS L-BFGS-B nlm nlminb Rcgmin Rvmmin,0.408939331769015,1,7,1,Nelder-Mead BFGS CG L-BFGS-B nlm nlminb Rcgmin Rvmmin,Nelder-Mead BFGS L-BFGS-B nlm nlminb Rcgmin Rvmmin,80,47,33,0.5875,
Meissner,naive,0.235919554952749,0.0961833466063324,0.375655763299166,0.242522195557307,0,0.353055660181089,,,,,,,,,,,,,,,,,,,,,,,,,,,,,,,,,,,,,,,,,,,,,,,,,,,,,,,,,,,,,,,,,,,,,,,,,,,,,,,,,,,,,,,,,,,,,,,,,,,,,,,,,,,29,8,21,0.275862068965517,
Meissner,maon,0.0862923985237566,-0.0343351514536114,0.206919948501125,0.104529365318598,,,,,,,,,,,,,,,,,,,,,,,,,,,,,,,,,,,,,,,,,,,,,,,,,,,,,,,,,,,,,,,,,,,,,,,,,,,,,,,,,,,,,,,,,,,,,,,,,,,,,,,,,,,,,29,8,21,0.275862068965517,
Meissner,2psm,0.150461307785865,-0.00972088429086862,0.310643499862598,0.175127840724418,0,0.300041991030348,,,,,,,,,,,,,,,,,,,,,,,,,,,,,,,,,,,,,,,,,,,,,,,,,,,,,,,,,,,,,,,,,,,,,,,,,,,,,,,,,,,,,,,,,,,,,,,,,,,,,,,,,,,29,8,21,0.275862068965517,
Meissner,pcurve,0.0510080472489809,,,,,,,,,,,,,,,,,,,,,,,,,,,,,,,,,,,,,,,,,,,,,,,,,,,,,,,,,,,,,,,,,,,,,,,,,,,,,,,,,,,,,,,,,,,,,,,,,,,,,,,,,,,,,,,,29,8,21,0.275862068965517,
Meissner,jeffreys-mcmc-pmean,0.202981723865276,0.00868819631259956,0.616553389744949,0.20028413545593,0.0112473914452959,0.534645938926118,,0.00616005633409323,0.00540479783252635,0,,1.0008192141515,0.999961940905754,,,,,,,,,,,,,,,,,,,,,,,,,,,,,,,,,,,,,,,,,,,,,,,,,,,,,,,,,,,,,,,,,,,,,,,,,,,,,,,,,,,,,,,,,,,,,,,,,,,,29,8,21,0.275862068965517,
Meissner,jeffreys-mcmc-pmed,0.17034727442178,0.00868819631259956,0.616553389744949,0.178974653710353,0.0112473914452959,0.534645938926118,,0.00616005633409323,0.00540479783252635,0,,1.0008192141515,0.999961940905754,,,,,,,,,,,,,,,,,,,,,,,,,,,,,,,,,,,,,,,,,,,,,,,,,,,,,,,,,,,,,,,,,,,,,,,,,,,,,,,,,,,,,,,,,,,,,,,,,,,,29,8,21,0.275862068965517,
Meissner,jeffreys-mcmc-max-lp-iterate,0.124832579511242,0.00868819631259956,0.616553389744949,0.00515558344631653,0.0112473914452959,0.534645938926118,,0.00616005633409323,0.00540479783252635,0,,1.0008192141515,0.999961940905754,,,,,,,,,,,,,,,,,,,,,,,,,,,,,,,,,,,,,,,,,,,,,,,,,,,,,,,,,,,,,,,,,,,,,,,,,,,,,,,,,,,,,,,,,,,,,,,,,,,,29,8,21,0.275862068965517,
Meissner,jeffreys-sd,0.124697906111159,0.0035292615026877,0.245866550719631,1.77401816821963e-05,1.76555928257825e-05,1.78247705386102e-05,,0.0618218730365632,4.31583728482063e-08,,,,,TRUE,0.124697906111159,0.124716407748987,0.124999123661166,0.124744173240947,0.124710675652706,0.124711419710064,,,,,,,0.124711366204318,0.124711367800625,1.77401816821963e-05,4.25166097565918e-05,0.000239888995930292,4.84105200126714e-05,7.99740196361136e-06,1.2425412422078e-07,,,,,,,5.53730398526123e-06,2.81826414741735e-06,0,0,0,52,0,0,9999,9999,9999,9999,9999,9999,1,0,-3.6818528510188,-3.68185285950751,-3.68184159085931,-3.68185271777662,-3.6818528766563,-3.68185287722764,8.98846567431158e+307,8.98846567431158e+307,8.98846567431158e+307,8.98846567431158e+307,8.98846567431158e+307,8.98846567431158e+307,-3.68185287698393,-3.68185287716487,FALSE,TRUE,FALSE,FALSE,FALSE,FALSE,,,,,,,FALSE,FALSE,FALSE,TRUE,TRUE,TRUE,FALSE,FALSE,,,,,,,FALSE,FALSE,1,BFGS,0.124716407748987,1,1,1,Nelder-Mead BFGS CG L-BFGS-B nlm nlminb Rcgmin Rvmmin,BFGS,4.25166097565918e-05,1,1,1,Nelder-Mead BFGS CG L-BFGS-B nlm nlminb Rcgmin Rvmmin,BFGS,29,8,21,0.275862068965517,
Meissner,mle-sd,0.124697906111159,0.00326109262450409,0.246134719597815,1.77401816827866e-05,1.76555928262607e-05,1.78247705393126e-05,,0.0619586964069408,4.31583729054144e-08,,,,,TRUE,0.185433093326719,0.124697906111159,0.124697906111159,0.124697906111159,0.185435649205309,0.18543715500768,,,,,,,0.134346045157907,0.185437149625563,0.214058460417434,1.77401816827866e-05,1.77401816821963e-05,1.77401816821963e-05,0.214051570609734,0.214053279792118,,,,,,,1.34232755399921e-05,0.214053280661551,0,0,0,52,0,0,9999,9999,9999,9999,9999,9999,1,0,1.52920369001894,1.98734207920401,1.98734207920401,1.98734207920401,1.52920368679709,1.52920368672247,8.98846567431158e+307,8.98846567431158e+307,8.98846567431158e+307,8.98846567431158e+307,8.98846567431158e+307,8.98846567431158e+307,1.97536378995143,1.52920368672247,TRUE,FALSE,FALSE,FALSE,TRUE,TRUE,,,,,,,FALSE,TRUE,TRUE,FALSE,FALSE,FALSE,TRUE,TRUE,,,,,,,FALSE,TRUE,4,Nelder-Mead nlm nlminb Rvmmin,0.185437149625563,0.5,4,1,Nelder-Mead nlm nlminb Rvmmin,Nelder-Mead nlm nlminb Rvmmin,0.214053280661551,0.5,4,1,Nelder-Mead nlm nlminb Rvmmin,Nelder-Mead nlm nlminb Rvmmin,29,8,21,0.275862068965517,
Miles,naive,0.458831528500489,0.318944000305872,0.598719056695106,0.282618916945003,0.0751380681338716,0.392557225315549,,,,,,,,,,,,,,,,,,,,,,,,,,,,,,,,,,,,,,,,,,,,,,,,,,,,,,,,,,,,,,,,,,,,,,,,,,,,,,,,,,,,,,,,,,,,,,,,,,,,,,,,,,,32,17,15,0.53125,
Miles,maon,0.127755716085106,0.00799024847266355,0.247521183697548,0,,,,,,,,,,,,,,,,,,,,,,,,,,,,,,,,,,,,,,,,,,,,,,,,,,,,,,,,,,,,,,,,,,,,,,,,,,,,,,,,,,,,,,,,,,,,,,,,,,,,,,,,,,,,,32,17,15,0.53125,
Miles,2psm,0.292895967603763,0.0917033243742421,0.494088610833285,0.238668095536807,0,0.345937100722175,,,,,,,,,,,,,,,,,,,,,,,,,,,,,,,,,,,,,,,,,,,,,,,,,,,,,,,,,,,,,,,,,,,,,,,,,,,,,,,,,,,,,,,,,,,,,,,,,,,,,,,,,,,32,17,15,0.53125,
Miles,pcurve,0.0996166004762166,,,,,,,,,,,,,,,,,,,,,,,,,,,,,,,,,,,,,,,,,,,,,,,,,,,,,,,,,,,,,,,,,,,,,,,,,,,,,,,,,,,,,,,,,,,,,,,,,,,,,,,,,,,,,,,,32,17,15,0.53125,
Miles,jeffreys-mcmc-pmean,0.408764848851982,0.0464076684312524,2.05881752421989,0.209366216679617,0.00808633022725543,0.837184731458561,,0.040912527333462,0.013985855203768,1,"Tail Effective Samples Size (ESS) is too low, indicating posterior variances and tail quantiles may be unreliable.
Running the chains for more iterations may help. See
https://mc-stan.org/misc/warnings.html#tail-ess",1.01870585199523,1.01678769312405,,,,,,,,,,,,,,,,,,,,,,,,,,,,,,,,,,,,,,,,,,,,,,,,,,,,,,,,,,,,,,,,,,,,,,,,,,,,,,,,,,,,,,,,,,,,,,,,,,,,32,17,15,0.53125,
Miles,jeffreys-mcmc-pmed,0.24755370747571,0.0464076684312524,2.05881752421989,0.145257403940264,0.00808633022725543,0.837184731458561,,0.040912527333462,0.013985855203768,1,"Tail Effective Samples Size (ESS) is too low, indicating posterior variances and tail quantiles may be unreliable.
Running the chains for more iterations may help. See
https://mc-stan.org/misc/warnings.html#tail-ess",1.01870585199523,1.01678769312405,,,,,,,,,,,,,,,,,,,,,,,,,,,,,,,,,,,,,,,,,,,,,,,,,,,,,,,,,,,,,,,,,,,,,,,,,,,,,,,,,,,,,,,,,,,,,,,,,,,,32,17,15,0.53125,
Miles,jeffreys-mcmc-max-lp-iterate,0.167220476889462,0.0464076684312524,2.05881752421989,0.00442788923390744,0.00808633022725543,0.837184731458561,,0.040912527333462,0.013985855203768,1,"Tail Effective Samples Size (ESS) is too low, indicating posterior variances and tail quantiles may be unreliable.
Running the chains for more iterations may help. See
https://mc-stan.org/misc/warnings.html#tail-ess",1.01870585199523,1.01678769312405,,,,,,,,,,,,,,,,,,,,,,,,,,,,,,,,,,,,,,,,,,,,,,,,,,,,,,,,,,,,,,,,,,,,,,,,,,,,,,,,,,,,,,,,,,,,,,,,,,,,32,17,15,0.53125,
Miles,jeffreys-sd,0.165693068371636,0.0177416061329033,0.313644530610369,1.75691036828455e-05,1.7484514826528e-05,1.7653692539163e-05,,0.0754868270058814,4.31583727990403e-08,,,,,TRUE,0.165693068371636,0.165692538360535,0.165591026493046,0.16568970252386,0.165707426665495,0.16570284365041,,,,,,,0.165702842860168,0.165702844100408,1.75691036828455e-05,1.83121622863584e-05,0.000473502549040222,2.1097637614475e-05,4.5962102912544e-06,2.83017501298765e-06,,,,,,,8.84437639674758e-06,2.49138992791286e-05,0,0,0,52,0,0,9999,9999,9999,9999,9999,9999,0,2,-8.57461981549373,-8.57461981397169,-8.57461377758985,-8.5746198057155,-8.57461982837805,-8.57461983051023,8.98846567431158e+307,8.98846567431158e+307,8.98846567431158e+307,8.98846567431158e+307,8.98846567431158e+307,8.98846567431158e+307,-8.57461982896182,-8.57461981699847,FALSE,TRUE,FALSE,TRUE,FALSE,FALSE,,,,,,,FALSE,TRUE,FALSE,TRUE,TRUE,TRUE,FALSE,FALSE,,,,,,,FALSE,TRUE,1,BFGS,0.165692538360535,1,1,1,Nelder-Mead BFGS CG L-BFGS-B nlm nlminb Rcgmin Rvmmin,BFGS,1.83121622863584e-05,1,1,1,Nelder-Mead BFGS CG L-BFGS-B nlm nlminb Rcgmin Rvmmin,BFGS,32,17,15,0.53125,
Miles,mle-sd,0.165693068371636,0.0161253103051371,0.315260826438136,1.75691036834358e-05,1.74845148270147e-05,1.76536925398569e-05,,0.0763114828875789,4.31583728518946e-08,,,,,TRUE,0.215965074252793,0.165693068371636,0.165693068371636,0.165693068371636,0.215956214170649,0.215958955976103,,,,,,,0.2159589687599,0.215958949787697,0.111471694825537,1.75691036834358e-05,1.75691036828455e-05,1.75691036828455e-05,0.111443815061849,0.111447391645337,,,,,,,0.111447398953585,0.111447373827737,0,0,0,52,0,0,9999,9999,9999,9999,9999,9999,0,3,-3.41273545376147,-3.34985692359263,-3.34985692359263,-3.34985692359263,-3.41273546489579,-3.41273546504238,8.98846567431158e+307,8.98846567431158e+307,8.98846567431158e+307,8.98846567431158e+307,8.98846567431158e+307,8.98846567431158e+307,-3.41273546504238,-3.41273546504239,TRUE,FALSE,FALSE,FALSE,TRUE,TRUE,,,,,,,TRUE,TRUE,TRUE,FALSE,FALSE,FALSE,TRUE,TRUE,,,,,,,TRUE,TRUE,4,Nelder-Mead nlm nlminb Rcgmin,0.215958955976103,0.625,4,1,Nelder-Mead nlm nlminb Rcgmin Rvmmin,Nelder-Mead nlm nlminb Rcgmin,0.111447391645337,0.625,4,1,Nelder-Mead nlm nlminb Rcgmin Rvmmin,Nelder-Mead nlm nlminb Rcgmin,32,17,15,0.53125,
Rabelo,naive,0.552929989506539,0.506486325873799,0.599373653139279,0,0,0.182934288402299,,,,,,,,,,,,,,,,,,,,,,,,,,,,,,,,,,,,,,,,,,,,,,,,,,,,,,,,,,,,,,,,,,,,,,,,,,,,,,,,,,,,,,,,,,,,,,,,,,,,,,,,,,,25,22,3,0.88,
Rabelo,maon,0.452401863084016,0.245678000491388,0.659125725676643,0,,,,,,,,,,,,,,,,,,,,,,,,,,,,,,,,,,,,,,,,,,,,,,,,,,,,,,,,,,,,,,,,,,,,,,,,,,,,,,,,,,,,,,,,,,,,,,,,,,,,,,,,,,,,,25,22,3,0.88,
Rabelo,2psm,0.213591818233684,,,0,,,,,,,,,,,,,,,,,,,,,,,,,,,,,,,,,,,,,,,,,,,,,,,,,,,,,,,,,,,,,,,,,,,,,,,,,,,,,,,,,,,,,,,,,,,,,,,,,,,,,,,,,,,,,25,22,3,0.88,
Rabelo,pcurve,-0.0130962377507146,,,,,,,,,,,,,,,,,,,,,,,,,,,,,,,,,,,,,,,,,,,,,,,,,,,,,,,,,,,,,,,,,,,,,,,,,,,,,,,,,,,,,,,,,,,,,,,,,,,,,,,,,,,,,,,,25,22,3,0.88,
Rabelo,jeffreys-mcmc-pmean,,,,,,,"Mhat[1] not equal to mean(rstan::extract(post, ""mu"")[[1]]).
target is NULL, current is numeric",,,,,,,,,,,,,,,,,,,,,,,,,,,,,,,,,,,,,,,,,,,,,,,,,,,,,,,,,,,,,,,,,,,,,,,,,,,,,,,,,,,,,,,,,,,,,,,,,,,,,,,,,,25,22,3,0.88,jeffreys-mcmc-pmean
Rabelo,jeffreys-mcmc-pmed,,,,,,,"Mhat[1] not equal to mean(rstan::extract(post, ""mu"")[[1]]).
target is NULL, current is numeric",,,,,,,,,,,,,,,,,,,,,,,,,,,,,,,,,,,,,,,,,,,,,,,,,,,,,,,,,,,,,,,,,,,,,,,,,,,,,,,,,,,,,,,,,,,,,,,,,,,,,,,,,,25,22,3,0.88,jeffreys-mcmc-pmed
Rabelo,jeffreys-mcmc-max-lp-iterate,,,,,,,"Mhat[1] not equal to mean(rstan::extract(post, ""mu"")[[1]]).
target is NULL, current is numeric",,,,,,,,,,,,,,,,,,,,,,,,,,,,,,,,,,,,,,,,,,,,,,,,,,,,,,,,,,,,,,,,,,,,,,,,,,,,,,,,,,,,,,,,,,,,,,,,,,,,,,,,,,25,22,3,0.88,jeffreys-mcmc-max-lp-iterate
Rabelo,jeffreys-sd,0.943770935406213,-0.0628662529426836,1.95040812375511,1.48974103669516e-05,1.48128215105835e-05,1.49819992233198e-05,,0.513599839736405,4.31583728249011e-08,,,,,TRUE,0.943770935406213,0.552929989506539,0.552929989506539,0.552929989506539,0.552929989506539,0.552929989506539,,,,,,,0.943986942374572,0.943987009299855,1.48974103669516e-05,5.90295811614432e-16,0,0,0,0,,,,,,,0,0,0,0,0,52,0,1,9999,9999,9999,9999,9999,9999,1,0,-6.00102932602419,-5.56833287621129,-5.56833287621129,-5.56833287621129,-5.56833287621129,-5.56833287621129,8.98846567431158e+307,8.98846567431158e+307,8.98846567431158e+307,8.98846567431158e+307,8.98846567431158e+307,8.98846567431158e+307,-6.00102942051931,-6.00102942051925,FALSE,FALSE,FALSE,FALSE,FALSE,FALSE,,,,,,,FALSE,FALSE,FALSE,FALSE,FALSE,FALSE,FALSE,FALSE,,,,,,,FALSE,FALSE,0,"",,,0,,NA NA NA NA NA NA NA NA,"",,,0,,NA NA NA NA NA NA NA NA,"",25,22,3,0.88,
Rabelo,mle-sd,0.943770935406213,0.142562093135056,1.74497977767737,1.48974103670697e-05,1.48128215106597e-05,1.49819992234797e-05,,0.408787533133767,4.31583728462562e-08,,,,,TRUE,1.60558524465161,0.943770935406213,0.943770935406213,0.943770935406213,1.60581138896339,1.33276703067237,,,,,,,1.33276704250717,1.60589219740756,0.145372132637816,1.48974103670697e-05,1.48974103669516e-05,1.48974103669516e-05,0.145432840674733,8.55174218258877e-06,,,,,,,2.78766788799789e-06,0.145454338397105,0,0,0,52,0,0,9999,9999,9999,9999,9999,9999,0,0,-4.61485668260355,-4.32879518079675,-4.32879518079675,-4.32879518079675,-4.61485668525809,-4.61118118406818,8.98846567431158e+307,8.98846567431158e+307,8.98846567431158e+307,8.98846567431158e+307,8.98846567431158e+307,8.98846567431158e+307,-4.6111811840388,-4.61485668546276,TRUE,FALSE,FALSE,FALSE,TRUE,FALSE,,,,,,,FALSE,TRUE,TRUE,FALSE,FALSE,FALSE,TRUE,FALSE,,,,,,,FALSE,TRUE,3,Nelder-Mead nlm Rvmmin,1.60589219740756,0.375,3,1,Nelder-Mead nlm Rvmmin,Nelder-Mead nlm Rvmmin,0.145454338397105,0.375,3,1,Nelder-Mead nlm Rvmmin,Nelder-Mead nlm Rvmmin,25,22,3,0.88,
Rand,naive,0.0562992347416184,0.0225171098304982,0.0900813596527385,0.096635172403197,0.0619144795761291,0.121833124845455,,,,,,,,,,,,,,,,,,,,,,,,,,,,,,,,,,,,,,,,,,,,,,,,,,,,,,,,,,,,,,,,,,,,,,,,,,,,,,,,,,,,,,,,,,,,,,,,,,,,,,,,,,,51,10,41,0.196078431372549,
Rand,maon,0.00801391230106316,-0.0100255417104743,0.0260533663126007,0.0084597982414652,,,,,,,,,,,,,,,,,,,,,,,,,,,,,,,,,,,,,,,,,,,,,,,,,,,,,,,,,,,,,,,,,,,,,,,,,,,,,,,,,,,,,,,,,,,,,,,,,,,,,,,,,,,,,51,10,41,0.196078431372549,
Rand,2psm,0.100423255253761,0.0342718685130333,0.166574641994489,0.109014716948169,0.0649767205802981,0.139808593459804,,,,,,,,,,,,,,,,,,,,,,,,,,,,,,,,,,,,,,,,,,,,,,,,,,,,,,,,,,,,,,,,,,,,,,,,,,,,,,,,,,,,,,,,,,,,,,,,,,,,,,,,,,,51,10,41,0.196078431372549,
Rand,pcurve,0.175305248178897,,,,,,,,,,,,,,,,,,,,,,,,,,,,,,,,,,,,,,,,,,,,,,,,,,,,,,,,,,,,,,,,,,,,,,,,,,,,,,,,,,,,,,,,,,,,,,,,,,,,,,,,,,,,,,,,51,10,41,0.196078431372549,
Rand,jeffreys-mcmc-pmean,0.0244736055528026,-0.00459954674770294,0.0851616317017337,0.0337623230728194,0.00189206896030306,0.0907950507867436,,0.00103706976070144,0.00103310454434014,0,,1.01003187631164,1.00683421176453,,,,,,,,,,,,,,,,,,,,,,,,,,,,,,,,,,,,,,,,,,,,,,,,,,,,,,,,,,,,,,,,,,,,,,,,,,,,,,,,,,,,,,,,,,,,,,,,,,,,51,10,41,0.196078431372549,
Rand,jeffreys-mcmc-pmed,0.0203630063999393,-0.00459954674770294,0.0851616317017337,0.0295054182739151,0.00189206896030306,0.0907950507867436,,0.00103706976070144,0.00103310454434014,0,,1.01003187631164,1.00683421176453,,,,,,,,,,,,,,,,,,,,,,,,,,,,,,,,,,,,,,,,,,,,,,,,,,,,,,,,,,,,,,,,,,,,,,,,,,,,,,,,,,,,,,,,,,,,,,,,,,,,51,10,41,0.196078431372549,
Rand,jeffreys-mcmc-max-lp-iterate,0.0119901229415913,-0.00459954674770294,0.0851616317017337,0.00140299971937415,0.00189206896030306,0.0907950507867436,,0.00103706976070144,0.00103310454434014,0,,1.01003187631164,1.00683421176453,,,,,,,,,,,,,,,,,,,,,,,,,,,,,,,,,,,,,,,,,,,,,,,,,,,,,,,,,,,,,,,,,,,,,,,,,,,,,,,,,,,,,,,,,,,,,,,,,,,,51,10,41,0.196078431372549,
Rand,jeffreys-sd,0.0120479692335559,-0.00699116204532203,0.0310871005124339,3.33075032630175e-05,3.3222914407756e-05,3.3392092118279e-05,,0.00971402098663863,4.31583722602594e-08,,,,,TRUE,0.0120479692335559,0.0120245986841248,0.0120646967920137,0.0120351690402349,0.0120441226752912,0.0120448772743651,,,,,,,0.0120448957211958,0.0120448990388015,3.33075032630175e-05,0.000906694792322535,0.000847917796836787,1.72628264809406e-05,5.08017121085379e-06,8.85496980961106e-09,,,,,,,9.30359203003946e-06,9.05787910482038e-06,0,0,0,52,0,0,9999,9999,9999,9999,9999,9999,0,2,-62.1918706456382,-62.1917896491071,-62.1918017214735,-62.1918702701383,-62.1918707943085,-62.1918707999183,8.98846567431158e+307,8.98846567431158e+307,8.98846567431158e+307,8.98846567431158e+307,8.98846567431158e+307,8.98846567431158e+307,-62.1918707917661,-62.1918707921911,TRUE,FALSE,FALSE,FALSE,FALSE,FALSE,,,,,,,FALSE,FALSE,TRUE,TRUE,TRUE,FALSE,FALSE,FALSE,,,,,,,FALSE,FALSE,1,Nelder-Mead,0.0120479692335559,1,1,1,Nelder-Mead BFGS CG L-BFGS-B nlm nlminb Rcgmin Rvmmin,Nelder-Mead,3.33075032630175e-05,1,1,1,Nelder-Mead BFGS CG L-BFGS-B nlm nlminb Rcgmin Rvmmin,Nelder-Mead,51,10,41,0.196078431372549,
Rand,mle-sd,0.0120479692335559,-0.00710377168644037,0.0311997101535522,3.33075032630222e-05,3.32229144075751e-05,3.33920921184694e-05,,0.00977147594091666,4.31583723549899e-08,,,,,TRUE,0.0210613223695076,0.0120479692335559,0.0120479692335559,0.0120479692335559,0.0210483824928788,0.0210483872985656,,,,,,,0.021048386787856,0.0210483852880096,0.0331310758433563,3.33075032630222e-05,3.33075032630175e-05,3.33075032630175e-05,0.0331243607179466,0.033124379423969,,,,,,,0.033124393281424,0.0331243903327297,0,0,0,52,0,0,9999,9999,9999,9999,9999,9999,0,2,-53.0867731728372,-52.7782088082702,-52.7782088082702,-52.7782088082702,-53.0867734798403,-53.0867734798411,8.98846567431158e+307,8.98846567431158e+307,8.98846567431158e+307,8.98846567431158e+307,8.98846567431158e+307,8.98846567431158e+307,-53.0867734798414,-53.0867734798414,FALSE,FALSE,FALSE,FALSE,TRUE,TRUE,,,,,,,TRUE,TRUE,TRUE,FALSE,FALSE,FALSE,TRUE,TRUE,,,,,,,TRUE,TRUE,3,nlm nlminb Rcgmin,0.021048386787856,1,3,1,Nelder-Mead BFGS CG L-BFGS-B nlm nlminb Rcgmin Rvmmin,nlm nlminb Rcgmin,0.033124393281424,0.625,3,1,Nelder-Mead nlm nlminb Rcgmin Rvmmin,nlm nlminb Rcgmin,51,10,41,0.196078431372549,
Roth,naive,0.504312199099756,0.341678879314926,0.666945518884586,0.767286521234804,0.638743617506994,0.877190858611337,,,,,,,,,,,,,,,,,,,,,,,,,,,,,,,,,,,,,,,,,,,,,,,,,,,,,,,,,,,,,,,,,,,,,,,,,,,,,,,,,,,,,,,,,,,,,,,,,,,,,,,,,,,100,58,42,0.58,
Roth,maon,-0.175358381541733,-0.359758423994587,0.00904166091112202,0.539948753426819,,,,,,,,,,,,,,,,,,,,,,,,,,,,,,,,,,,,,,,,,,,,,,,,,,,,,,,,,,,,,,,,,,,,,,,,,,,,,,,,,,,,,,,,,,,,,,,,,,,,,,,,,,,,,100,58,42,0.58,
Roth,2psm,0.297529737731719,0.0332587368879904,0.561800738575447,0.768765515397636,0.635473418330747,0.882141921645389,,,,,,,,,,,,,,,,,,,,,,,,,,,,,,,,,,,,,,,,,,,,,,,,,,,,,,,,,,,,,,,,,,,,,,,,,,,,,,,,,,,,,,,,,,,,,,,,,,,,,,,,,,,100,58,42,0.58,
Roth,pcurve,0.269171970268097,,,,,,,,,,,,,,,,,,,,,,,,,,,,,,,,,,,,,,,,,,,,,,,,,,,,,,,,,,,,,,,,,,,,,,,,,,,,,,,,,,,,,,,,,,,,,,,,,,,,,,,,,,,,,,,,100,58,42,0.58,
Roth,jeffreys-mcmc-pmean,3.47973301100745,0.0776732023862168,19.4493654300741,1.37145121635219,0.632346871479768,3.73236853990233,,0.998534283655915,0.101739160404839,1,"Tail Effective Samples Size (ESS) is too low, indicating posterior variances and tail quantiles may be unreliable.
Running the chains for more iterations may help. See
https://mc-stan.org/misc/warnings.html#tail-ess",1.04165320195016,1.04813494769749,,,,,,,,,,,,,,,,,,,,,,,,,,,,,,,,,,,,,,,,,,,,,,,,,,,,,,,,,,,,,,,,,,,,,,,,,,,,,,,,,,,,,,,,,,,,,,,,,,,,100,58,42,0.58,
Roth,jeffreys-mcmc-pmed,1.21235427437647,0.0776732023862168,19.4493654300741,1.09490083024436,0.632346871479768,3.73236853990233,,0.998534283655915,0.101739160404839,1,"Tail Effective Samples Size (ESS) is too low, indicating posterior variances and tail quantiles may be unreliable.
Running the chains for more iterations may help. See
https://mc-stan.org/misc/warnings.html#tail-ess",1.04165320195016,1.04813494769749,,,,,,,,,,,,,,,,,,,,,,,,,,,,,,,,,,,,,,,,,,,,,,,,,,,,,,,,,,,,,,,,,,,,,,,,,,,,,,,,,,,,,,,,,,,,,,,,,,,,100,58,42,0.58,
Roth,jeffreys-mcmc-max-lp-iterate,0.467225790722087,0.0776732023862168,19.4493654300741,0.79615559901315,0.632346871479768,3.73236853990233,,0.998534283655915,0.101739160404839,1,"Tail Effective Samples Size (ESS) is too low, indicating posterior variances and tail quantiles may be unreliable.
Running the chains for more iterations may help. See
https://mc-stan.org/misc/warnings.html#tail-ess",1.04165320195016,1.04813494769749,,,,,,,,,,,,,,,,,,,,,,,,,,,,,,,,,,,,,,,,,,,,,,,,,,,,,,,,,,,,,,,,,,,,,,,,,,,,,,,,,,,,,,,,,,,,,,,,,,,,100,58,42,0.58,
Roth,jeffreys-sd,0.479523261756889,-0.353016544762836,1.31206306827661,0.802346288236855,0.43456670883134,1.17012586764237,,0.424773012711811,0.187646090594783,,,,,TRUE,0.479523261756889,0.479460427173406,0.479449670727885,0.479463113481533,0.479448227536981,0.479453373576771,,,,,,,0.479453467479599,0.479453349115822,0.802346288236855,0.802380118248855,0.802375231029633,0.802381143320752,0.802374113116148,0.802376512355801,,,,,,,0.802376554247326,0.802376507357521,0,0,0,0,0,0,9999,9999,9999,9999,9999,9999,0,0,22.0503324258506,22.0503322342172,22.0503322340737,22.0503322343421,22.0503322341194,22.0503322340342,8.98846567431158e+307,8.98846567431158e+307,8.98846567431158e+307,8.98846567431158e+307,8.98846567431158e+307,8.98846567431158e+307,22.0503322340342,22.0503322340342,TRUE,TRUE,TRUE,TRUE,TRUE,TRUE,,,,,,,TRUE,TRUE,TRUE,TRUE,TRUE,TRUE,TRUE,TRUE,,,,,,,TRUE,TRUE,8,Nelder-Mead BFGS CG L-BFGS-B nlm nlminb Rcgmin Rvmmin,0.479453373576771,1,8,1,Nelder-Mead BFGS CG L-BFGS-B nlm nlminb Rcgmin Rvmmin,Nelder-Mead BFGS CG L-BFGS-B nlm nlminb Rcgmin Rvmmin,0.802376512355801,1,8,1,Nelder-Mead BFGS CG L-BFGS-B nlm nlminb Rcgmin Rvmmin,Nelder-Mead BFGS CG L-BFGS-B nlm nlminb Rcgmin Rvmmin,100,58,42,0.58,
Roth,mle-sd,1.18393034990827,-1.24226362008006,3.61012431989659,1.06857984985019,0.268530621856542,1.86862907784385,,1.23787681259749,0.408195882324542,,,,,TRUE,1.18411821018591,1.18393034990827,1.17953096591,1.18391936664515,1.18388357159437,1.18391010345038,,,,,,,1.18390709529545,1.18390698558879,1.06867446896462,1.06857984985019,1.06719842275035,1.06857793050199,1.06856413296693,1.06857360032289,,,,,,,1.06857240187767,1.06857236355794,0,0,1,0,0,0,9999,9999,9999,9999,9999,9999,0,0,24.5658154596345,24.5658153962687,24.5658208094942,24.565815396246,24.5658153962931,24.5658153960948,8.98846567431158e+307,8.98846567431158e+307,8.98846567431158e+307,8.98846567431158e+307,8.98846567431158e+307,8.98846567431158e+307,24.5658153960892,24.5658153960892,TRUE,TRUE,TRUE,TRUE,TRUE,TRUE,,,,,,,TRUE,TRUE,TRUE,TRUE,TRUE,TRUE,TRUE,TRUE,,,,,,,TRUE,TRUE,7,Nelder-Mead BFGS L-BFGS-B nlm nlminb Rcgmin Rvmmin,1.18390698558879,1,7,1,Nelder-Mead BFGS CG L-BFGS-B nlm nlminb Rcgmin Rvmmin,Nelder-Mead BFGS L-BFGS-B nlm nlminb Rcgmin Rvmmin,1.06857236355794,1,7,1,Nelder-Mead BFGS CG L-BFGS-B nlm nlminb Rcgmin Rvmmin,Nelder-Mead BFGS L-BFGS-B nlm nlminb Rcgmin Rvmmin,100,58,42,0.58,
Schimmack,naive,0.133285350725951,-0.0255170404503275,0.292087741902229,0.235392252919182,0,0.336507819723975,,,,,,,,,,,,,,,,,,,,,,,,,,,,,,,,,,,,,,,,,,,,,,,,,,,,,,,,,,,,,,,,,,,,,,,,,,,,,,,,,,,,,,,,,,,,,,,,,,,,,,,,,,,16,3,13,0.1875,
Schimmack,maon,0.028498183052567,-0.0599295300684427,0.116925896173577,0.0743285411558744,,,,,,,,,,,,,,,,,,,,,,,,,,,,,,,,,,,,,,,,,,,,,,,,,,,,,,,,,,,,,,,,,,,,,,,,,,,,,,,,,,,,,,,,,,,,,,,,,,,,,,,,,,,,,16,3,13,0.1875,
Schimmack,2psm,0.286704074350065,-0.0515337682812526,0.624941916981383,0.282563574681787,0,0.422842289274667,,,,,,,,,,,,,,,,,,,,,,,,,,,,,,,,,,,,,,,,,,,,,,,,,,,,,,,,,,,,,,,,,,,,,,,,,,,,,,,,,,,,,,,,,,,,,,,,,,,,,,,,,,,16,3,13,0.1875,
Schimmack,pcurve,0.132449613489606,,,,,,,,,,,,,,,,,,,,,,,,,,,,,,,,,,,,,,,,,,,,,,,,,,,,,,,,,,,,,,,,,,,,,,,,,,,,,,,,,,,,,,,,,,,,,,,,,,,,,,,,,,,,,,,,16,3,13,0.1875,
Schimmack,jeffreys-mcmc-pmean,0.245214279952069,-0.0379262509786732,1.76027308362197,0.175559688906265,0.00446358258492914,0.693475881774343,,0.0529260335504504,0.0158129085587942,1,"Tail Effective Samples Size (ESS) is too low, indicating posterior variances and tail quantiles may be unreliable.
Running the chains for more iterations may help. See
https://mc-stan.org/misc/warnings.html#tail-ess",1.07237756725623,1.06064950436054,,,,,,,,,,,,,,,,,,,,,,,,,,,,,,,,,,,,,,,,,,,,,,,,,,,,,,,,,,,,,,,,,,,,,,,,,,,,,,,,,,,,,,,,,,,,,,,,,,,,16,3,13,0.1875,
Schimmack,jeffreys-mcmc-pmed,0.0890152855552179,-0.0379262509786732,1.76027308362197,0.129138791894292,0.00446358258492914,0.693475881774343,,0.0529260335504504,0.0158129085587942,1,"Tail Effective Samples Size (ESS) is too low, indicating posterior variances and tail quantiles may be unreliable.
Running the chains for more iterations may help. See
https://mc-stan.org/misc/warnings.html#tail-ess",1.07237756725623,1.06064950436054,,,,,,,,,,,,,,,,,,,,,,,,,,,,,,,,,,,,,,,,,,,,,,,,,,,,,,,,,,,,,,,,,,,,,,,,,,,,,,,,,,,,,,,,,,,,,,,,,,,,16,3,13,0.1875,
Schimmack,jeffreys-mcmc-max-lp-iterate,0.0313032067862526,-0.0379262509786732,1.76027308362197,0.00193982525870856,0.00446358258492914,0.693475881774343,,0.0529260335504504,0.0158129085587942,1,"Tail Effective Samples Size (ESS) is too low, indicating posterior variances and tail quantiles may be unreliable.
Running the chains for more iterations may help. See
https://mc-stan.org/misc/warnings.html#tail-ess",1.07237756725623,1.06064950436054,,,,,,,,,,,,,,,,,,,,,,,,,,,,,,,,,,,,,,,,,,,,,,,,,,,,,,,,,,,,,,,,,,,,,,,,,,,,,,,,,,,,,,,,,,,,,,,,,,,,16,3,13,0.1875,
Schimmack,jeffreys-sd,0.0300280339828773,-0.0446260855404638,0.104682153506218,1.87557150707876e-06,1.7909826508316e-06,1.96016036332592e-06,,0.0380895363956702,4.31583727631645e-08,,,,,TRUE,0.0300280339828773,0.0299768601986943,0.0298915106559524,0.02988666960053,0.0300005904359558,0.0300064721478859,,,,,,,0.0300060206019943,0.0300060221206944,1.87557150707876e-06,0.000704159077555871,0.000321674878704025,0.000679756175458906,7.7304246160171e-06,2.33247242415867e-06,,,,,,,2.45110857140045e-06,3.63457380359985e-07,0,0,0,52,0,0,9999,9999,9999,9999,9999,9999,0,2,-12.1444687342262,-12.1444098829772,-12.1444521025783,-12.1444091545404,-12.1444688844231,-12.1444689009459,8.98846567431158e+307,8.98846567431158e+307,8.98846567431158e+307,8.98846567431158e+307,8.98846567431158e+307,8.98846567431158e+307,-12.144468900949,-12.1444689016445,FALSE,FALSE,FALSE,FALSE,FALSE,FALSE,,,,,,,FALSE,FALSE,FALSE,TRUE,TRUE,TRUE,FALSE,FALSE,,,,,,,FALSE,FALSE,0,"",,,0,,NA NA NA NA NA NA NA NA,"",,,0,,NA NA NA NA NA NA NA NA,"",16,3,13,0.1875,
Schimmack,mle-sd,0.0300280339828773,-0.0459223327095018,0.105978400675256,1.87557150766906e-06,1.79098265129021e-06,1.96016036404791e-06,,0.0387508991448138,4.31583728303565e-08,,,,,TRUE,0.115655566175283,0.0300280339828773,0.0300280339828773,0.0300280339828773,0.0370670382207465,0.0389181087191293,,,,,,,0.0370674691305653,0.0370674693826609,0.146404148886624,1.87557150766906e-06,1.87557150707876e-06,1.87557150707876e-06,2.90919262985067e-06,0.0200021075680151,,,,,,,1.87557150707876e-06,1.87557150707876e-06,0,0,0,52,0,0,9999,9999,9999,9999,9999,9999,0,0,-5.83267312004868,-5.49068324179221,-5.49068324179221,-5.49068324179221,-5.5069460316094,-5.52562209809294,8.98846567431158e+307,8.98846567431158e+307,8.98846567431158e+307,8.98846567431158e+307,8.98846567431158e+307,8.98846567431158e+307,-5.50694603143341,-5.50694603143341,TRUE,FALSE,FALSE,FALSE,FALSE,FALSE,,,,,,,FALSE,FALSE,TRUE,FALSE,FALSE,FALSE,FALSE,FALSE,,,,,,,FALSE,FALSE,1,Nelder-Mead,0.115655566175283,0.125,1,1,Nelder-Mead,Nelder-Mead,0.146404148886624,0.125,1,1,Nelder-Mead,Nelder-Mead,16,3,13,0.1875,
